id_pedido,data_pedido,cliente,segmento_cliente,pais_destino,cidade_destino,regiao_destino,armazem_origem,fornecedor,transportadora,modo_transporte,codigo_produto,produto,categoria_produto,unidades_pedidas,stock_disponivel,valor_pedido_eur,custo_transporte_eur,margem_prevista_pct,distancia_km,prioridade,lead_time_prometido_dias,lead_time_previsto_ia_dias,taxa_atraso_fornecedor,taxa_atraso_transportadora,score_risco_ia,atraso_previsto_ia,atraso_real,dias_atraso_real,data_prometida_entrega,data_real_entrega,stock_insuficiente,dados_incompletos,problema_principal,acao_recomendada
SCM20260001,2026-02-18,Carrefour España,Retalho Alimentar,Espanha,Barcelona,Catalunha,Armazém Porto,Atlântico Distribuição,DHL Iberia,Rodoviário,P010,Dispositivo POS móvel,Eletrónica,128,104,33280.00,84.75,0.256,411,Média,8,10,0.04,0.03,0.63,Sim,Sim,7,2026-02-26,2026-03-05,Sim,Não,Stock insuficiente,"Repor stock, transferir de outro armazém ou priorizar pedidos críticos"
SCM20260002,2026-02-16,El Corte Inglés Madrid,Retalho Especializado,Espanha,Madrid,Madrid,Armazém Porto,Lisboa Components,MRW,Paletizado,P006,Sensor IoT de temperatura,Eletrónica,174,300,14790.00,41.97,0.268,1277,Baixa,2,3,0.13,0.25,0.57,Sim,Sim,3,2026-02-18,2026-02-21,Não,Não,Transportadora com risco,"Contactar transportadora, reencaminhar pedido ou usar transporte expresso"
SCM20260003,2026-05-21,Makro Portugal,Grossista,Portugal,Faro,Algarve,Armazém Barcelona,Porto Tech Parts,Correos Express,Paletizado,P010,Dispositivo POS móvel,Eletrónica,155,315,40300.00,58.77,0.157,1147,Média,7,7,0.06,0.37,0.47,Nao,Nao,0,2026-05-28,2026-05-27,Não,Não,Transportadora com risco,"Contactar transportadora, reencaminhar pedido ou usar transporte expresso"
SCM20260004,2026-05-05,Alcampo Retail,Retalho Alimentar,Espanha,Sevilha,Andaluzia,Armazém Barcelona,Porto Tech Parts,DHL Iberia,Cross-docking,P009,Mini-frigorífico hotelaria,Eletrodomésticos,99,107,20790.00,137.48,0.234,1000,Média,8,7,0.04,0.13,0.23,Nao,Nao,0,2026-05-13,2026-05-12,Não,Não,Sem alerta crítico,Monitorizar normalmente
SCM20260005,2026-03-15,Continente Empresas,Retalho Alimentar,Portugal,Lisboa,Lisboa e Vale do Tejo,Armazém Barcelona,Lisboa Components,SEUR,Rodoviário,P003,Etiquetas térmicas,Material de Armazém,113,152,2034.00,69.19,0.275,972,Média,5,10,0.07,0.35,0.78,Sim,Sim,2,2026-03-20,2026-03-22,Não,Não,Transportadora com risco,"Contactar transportadora, reencaminhar pedido ou usar transporte expresso"
SCM20260006,2026-02-08,Worten Business,Retalho Especializado,Portugal,Braga,Norte,Armazém Lisboa,Porto Tech Parts,GLS Iberia,Rodoviário,P006,Sensor IoT de temperatura,Eletrónica,55,232,4675.00,142.11,0.187,1098,Baixa,2,2,0.08,0.12,0.22,Nao,Nao,0,2026-02-10,2026-02-10,Não,Não,Sem alerta crítico,Monitorizar normalmente
SCM20260007,2026-02-24,Worten Business,Retalho Especializado,Portugal,Braga,Norte,Armazém Madrid,Norte Industrial,CTT Expresso,Paletizado,P004,Luvas de segurança,EPI,86,25,602.00,164.51,0.273,1225,Média,3,3,0.04,0.09,0.35,Nao,Sim,6,2026-02-27,2026-03-05,Sim,Não,Stock insuficiente,"Repor stock, transferir de outro armazém ou priorizar pedidos críticos"
SCM20260008,2026-03-30,El Corte Inglés Madrid,Retalho Especializado,Espanha,Madrid,Madrid,Armazém Porto,Norte Industrial,NACEX,Expresso,P004,Luvas de segurança,EPI,120,173,840.00,300.51,0.032,640,Média,4,3,0.13,0.08,0.37,Nao,Nao,0,2026-04-03,2026-04-03,Não,Não,Margem pressionada,"Rever preço, consolidar envios, alterar armazém de origem ou modo de transporte"
SCM20260009,2026-05-22,Distribución Galicia,Grossista,Espanha,Vigo,Galiza,Armazém Lisboa,Lisboa Components,DHL Iberia,Paletizado,P003,Etiquetas térmicas,Material de Armazém,28,179,504.00,307.95,0.028,797,Alta,3,5,0.10,0.05,0.66,Sim,Sim,6,2026-05-25,2026-05-31,Não,Não,Margem pressionada,"Rever preço, consolidar envios, alterar armazém de origem ou modo de transporte"
SCM20260010,2026-03-12,Hospital Luz Lisboa,Saúde,Portugal,Lisboa,Lisboa e Vale do Tejo,Armazém Barcelona,Atlântico Distribuição,CTT Expresso,Expresso,P006,Sensor IoT de temperatura,Eletrónica,138,89,11730.00,139.74,0.301,1154,Média,6,10,0.11,0.12,0.63,Sim,Sim,2,2026-03-18,2026-03-20,Sim,Não,Stock insuficiente,"Repor stock, transferir de outro armazém ou priorizar pedidos críticos"
SCM20260011,2026-03-02,Pingo Doce Distribuição,Retalho Alimentar,Portugal,Porto,Norte,Armazém Porto,Madrid Goods Network,NACEX,Rodoviário,P001,Tablet robusto para logística,Eletrónica,120,249,50400.00,70.63,0.229,414,Baixa,8,7,0.30,0.04,0.39,Nao,Sim,7,2026-03-10,2026-03-17,Não,Não,Fornecedor instável,"Validar fornecedor alternativo, renegociar SLA ou aumentar stock de segurança"
SCM20260012,2026-02-02,FNAC Portugal,Retalho Especializado,Portugal,Coimbra,Centro,Armazém Madrid,Lisboa Components,DHL Iberia,Rodoviário,P008,Caixas de acondicionamento,Material de Armazém,70,123,315.00,66.90,0.192,264,Baixa,5,5,0.11,0.09,0.10,Nao,Nao,0,2026-02-07,2026-02-06,Não,Não,Sem alerta crítico,Monitorizar normalmente
SCM20260013,2026-03-04,Makro España,Grossista,Espanha,Bilbao,País Basco,Armazém Lisboa,Andalucía Supply Hub,GLS Iberia,Cross-docking,P010,Dispositivo POS móvel,Eletrónica,225,372,58500.00,109.23,0.308,617,Média,5,6,0.24,0.04,0.60,Sim,Sim,5,2026-03-09,2026-03-14,Não,Não,Fornecedor instável,"Validar fornecedor alternativo, renegociar SLA ou aumentar stock de segurança"
SCM20260014,2026-02-19,Carrefour España,Retalho Alimentar,Espanha,Barcelona,Catalunha,Armazém Porto,Madrid Goods Network,DHL Iberia,Rodoviário,P009,Mini-frigorífico hotelaria,Eletrodomésticos,138,271,28980.00,84.23,0.273,442,Média,7,6,0.29,0.03,0.49,Nao,Sim,4,2026-02-26,2026-03-02,Não,Não,Fornecedor instável,"Validar fornecedor alternativo, renegociar SLA ou aumentar stock de segurança"
SCM20260015,2026-04-05,Makro Portugal,Grossista,Portugal,Faro,Algarve,Armazém Porto,Lisboa Components,DHL Iberia,Rodoviário,P008,Caixas de acondicionamento,Material de Armazém,81,6,364.50,101.50,0.260,686,Crítica,8,9,0.13,0.05,0.48,Nao,Nao,0,2026-04-13,2026-04-13,Sim,Não,Stock insuficiente,"Repor stock, transferir de outro armazém ou priorizar pedidos críticos"
SCM20260016,2026-02-19,Hospital Quirón Madrid,Saúde,Espanha,Madrid,Madrid,Armazém Madrid,Lisboa Components,MRW,Rodoviário,P002,Scanner código de barras,Eletrónica,221,256,41990.00,171.00,0.261,820,Média,6,11,0.11,0.34,0.72,Sim,Sim,2,2026-02-25,2026-02-27,Não,Não,Transportadora com risco,"Contactar transportadora, reencaminhar pedido ou usar transporte expresso"
SCM20260017,2026-02-04,Continente Empresas,Retalho Alimentar,Portugal,Lisboa,Lisboa e Vale do Tejo,Armazém Lisboa,Lisboa Components,Correos Express,Rodoviário,P008,Caixas de acondicionamento,Material de Armazém,178,250,801.00,122.86,0.154,726,Baixa,8,7,0.11,0.30,0.22,Nao,Nao,0,2026-02-12,2026-02-12,Não,Não,Transportadora com risco,"Contactar transportadora, reencaminhar pedido ou usar transporte expresso"
SCM20260018,2026-05-08,Distribución Galicia,Grossista,Espanha,Vigo,Galiza,Armazém Barcelona,Atlântico Distribuição,NACEX,Paletizado,P009,Mini-frigorífico hotelaria,Eletrodomésticos,13,12,2730.00,146.28,0.258,1027,Média,7,7,0.13,0.08,0.23,Nao,Nao,0,2026-05-15,2026-05-14,Sim,Não,Stock insuficiente,"Repor stock, transferir de outro armazém ou priorizar pedidos críticos"
SCM20260019,2026-02-12,Continente Empresas,Retalho Alimentar,Portugal,Lisboa,Lisboa e Vale do Tejo,Armazém Porto,Norte Industrial,NACEX,Expresso,P003,Etiquetas térmicas,Material de Armazém,96,190,1728.00,300.44,0.021,842,Média,2,3,0.09,0.09,0.29,Nao,Nao,0,2026-02-14,2026-02-13,Não,Não,Margem pressionada,"Rever preço, consolidar envios, alterar armazém de origem ou modo de transporte"
SCM20260020,2026-04-06,Mercadona Empresas,Retalho Alimentar,Espanha,Madrid,Madrid,,Porto Tech Parts,NACEX,Rodoviário,P007,Peça mecânica industrial,Peças Industriais,152,175,24320.00,131.34,0.152,855,Média,5,10,0.04,0.04,0.71,Sim,Nao,0,2026-04-11,2026-04-11,Não,Sim,Dados incompletos,Corrigir dados antes da decisão e tornar campos obrigatórios no sistema
SCM20260021,2026-04-21,Makro España,Grossista,Espanha,Bilbao,País Basco,Armazém Lisboa,Porto Tech Parts,DHL Iberia,Cross-docking,P008,Caixas de acondicionamento,Material de Armazém,147,233,661.50,150.27,0.237,1082,Baixa,7,7,0.06,0.04,0.18,Nao,Nao,0,2026-04-28,2026-04-28,Não,Não,Sem alerta crítico,Monitorizar normalmente
SCM20260022,2026-03-14,Hospital Luz Lisboa,Saúde,Portugal,Lisboa,Lisboa e Vale do Tejo,Armazém Madrid,Porto Tech Parts,SEUR,Expresso,P008,Caixas de acondicionamento,Material de Armazém,211,336,949.50,82.05,0.278,662,Média,5,5,0.14,0.38,0.29,Nao,Nao,0,2026-03-19,2026-03-19,Não,Não,Transportadora com risco,"Contactar transportadora, reencaminhar pedido ou usar transporte expresso"
SCM20260023,2026-02-15,FNAC Portugal,Retalho Especializado,Portugal,Coimbra,Centro,Armazém Lisboa,Valencia Source,DHL Iberia,Paletizado,P002,Scanner código de barras,Eletrónica,71,154,13490.00,125.30,0.226,1014,Média,8,10,0.36,0.06,0.86,Sim,Sim,6,2026-02-23,2026-03-01,Não,Não,Fornecedor instável,"Validar fornecedor alternativo, renegociar SLA ou aumentar stock de segurança"
SCM20260024,2026-02-28,Makro España,Grossista,Espanha,Bilbao,País Basco,Armazém Lisboa,Atlântico Distribuição,NACEX,Paletizado,P005,Kit primeiros socorros,Saúde e Bem-Estar,225,231,7875.00,225.63,0.053,470,Média,4,8,0.03,0.13,0.60,Sim,Sim,6,2026-03-04,2026-03-10,Não,Não,Margem pressionada,"Rever preço, consolidar envios, alterar armazém de origem ou modo de transporte"
SCM20260025,2026-02-07,Continente Empresas,Retalho Alimentar,Portugal,Lisboa,Lisboa e Vale do Tejo,Armazém Lisboa,Andalucía Supply Hub,GLS Iberia,Rodoviário,P010,Dispositivo POS móvel,Eletrónica,161,168,41860.00,136.65,0.293,1117,Alta,8,8,0.37,0.07,0.43,Nao,Nao,0,2026-02-15,2026-02-15,Não,Não,Fornecedor instável,"Validar fornecedor alternativo, renegociar SLA ou aumentar stock de segurança"
SCM20260026,2026-05-05,Worten Business,Retalho Especializado,Portugal,Braga,Norte,Armazém Madrid,Lisboa Components,DHL Iberia,Expresso,P005,Kit primeiros socorros,Saúde e Bem-Estar,195,69,6825.00,52.68,0.245,95,Alta,7,6,0.12,0.08,0.38,Nao,Nao,0,2026-05-12,2026-05-12,Sim,Não,Stock insuficiente,"Repor stock, transferir de outro armazém ou priorizar pedidos críticos"
SCM20260027,2026-02-20,Carrefour España,Retalho Alimentar,Espanha,Barcelona,Catalunha,Armazém Barcelona,Valencia Source,NACEX,Expresso,P006,Sensor IoT de temperatura,Eletrónica,30,98,2550.00,47.97,0.196,202,Alta,9,13,0.30,0.07,0.83,Sim,Sim,3,2026-03-01,2026-03-04,Não,Não,Fornecedor instável,"Validar fornecedor alternativo, renegociar SLA ou aumentar stock de segurança"
SCM20260028,2026-03-17,MediaMarkt Iberia,Retalho Especializado,Espanha,Valência,Comunidade Valenciana,Armazém Porto,Atlântico Distribuição,NACEX,Expresso,P005,Kit primeiros socorros,Saúde e Bem-Estar,18,97,630.00,172.54,0.052,77,Baixa,5,6,0.13,0.07,0.14,Nao,Nao,0,2026-03-22,2026-03-21,Não,Não,Margem pressionada,"Rever preço, consolidar envios, alterar armazém de origem ou modo de transporte"
SCM20260029,2026-04-13,Hotelaria Algarve,Hotelaria,Portugal,Albufeira,Algarve,Armazém Barcelona,Lisboa Components,GLS Iberia,Expresso,P001,Tablet robusto para logística,Eletrónica,50,3,21000.00,94.53,0.194,629,Média,4,6,0.06,0.06,0.63,Sim,Sim,7,2026-04-17,2026-04-24,Sim,Não,Stock insuficiente,"Repor stock, transferir de outro armazém ou priorizar pedidos críticos"
SCM20260030,2026-04-11,Mercadona Empresas,Retalho Alimentar,Espanha,Madrid,Madrid,,Lisboa Components,CTT Expresso,Rodoviário,P004,Luvas de segurança,EPI,191,371,1337.00,109.71,0.216,715,Média,6,7,0.08,0.05,0.72,Sim,Sim,1,2026-04-17,2026-04-18,Não,Sim,Dados incompletos,Corrigir dados antes da decisão e tornar campos obrigatórios no sistema
SCM20260031,2026-03-16,Carrefour España,Retalho Alimentar,Espanha,Barcelona,Catalunha,Armazém Lisboa,,CTT Expresso,Cross-docking,P006,Sensor IoT de temperatura,Eletrónica,46,59,3910.00,151.70,0.295,1188,Média,2,3,0.14,0.08,0.64,Sim,Sim,3,2026-03-18,2026-03-21,Não,Sim,Dados incompletos,Corrigir dados antes da decisão e tornar campos obrigatórios no sistema
SCM20260032,2026-04-10,Carrefour España,Retalho Alimentar,Espanha,Barcelona,Catalunha,Armazém Madrid,Valencia Source,NACEX,Cross-docking,P006,Sensor IoT de temperatura,Eletrónica,36,67,3060.00,53.46,0.277,191,Baixa,8,9,0.26,0.10,0.78,Sim,Nao,0,2026-04-18,2026-04-17,Não,Não,Fornecedor instável,"Validar fornecedor alternativo, renegociar SLA ou aumentar stock de segurança"
SCM20260033,2026-04-03,Pingo Doce Distribuição,Retalho Alimentar,Portugal,Porto,Norte,Armazém Madrid,Atlântico Distribuição,Correos Express,Rodoviário,P004,Luvas de segurança,EPI,45,57,315.00,116.59,0.259,726,Média,8,10,0.09,0.36,0.61,Sim,Sim,2,2026-04-11,2026-04-13,Não,Não,Transportadora com risco,"Contactar transportadora, reencaminhar pedido ou usar transporte expresso"
SCM20260034,2026-03-25,Continente Empresas,Retalho Alimentar,Portugal,Lisboa,Lisboa e Vale do Tejo,Armazém Porto,Norte Industrial,SEUR,Expresso,P007,Peça mecânica industrial,Peças Industriais,14,118,2240.00,103.86,0.288,1057,Baixa,7,7,0.12,0.30,0.17,Nao,Nao,0,2026-04-01,2026-04-01,Não,Não,Transportadora com risco,"Contactar transportadora, reencaminhar pedido ou usar transporte expresso"
SCM20260035,2026-02-01,Makro España,Grossista,Espanha,Bilbao,País Basco,,Lisboa Components,CTT Expresso,Cross-docking,P003,Etiquetas térmicas,Material de Armazém,84,241,1512.00,52.64,0.244,324,Média,2,1,0.03,0.09,0.10,Nao,Nao,0,2026-02-03,2026-02-03,Não,Sim,Dados incompletos,Corrigir dados antes da decisão e tornar campos obrigatórios no sistema
SCM20260036,2026-04-13,Auchan Retail Portugal,Retalho Alimentar,Portugal,Setúbal,Lisboa e Vale do Tejo,Armazém Barcelona,Porto Tech Parts,NACEX,Cross-docking,P001,Tablet robusto para logística,Eletrónica,117,278,49140.00,39.80,0.256,89,Média,5,5,0.08,0.12,0.32,Nao,Nao,0,2026-04-18,2026-04-17,Não,Não,Sem alerta crítico,Monitorizar normalmente
SCM20260037,2026-05-19,Makro Portugal,Grossista,Portugal,Faro,Algarve,Armazém Barcelona,Atlântico Distribuição,Correos Express,Paletizado,P005,Kit primeiros socorros,Saúde e Bem-Estar,61,160,2135.00,133.77,0.280,718,Crítica,2,5,0.12,0.34,0.92,Sim,Sim,2,2026-05-21,2026-05-23,Não,Não,Transportadora com risco,"Contactar transportadora, reencaminhar pedido ou usar transporte expresso"
SCM20260038,2026-02-14,Mercadona Empresas,Retalho Alimentar,Espanha,Madrid,Madrid,Armazém Barcelona,Norte Industrial,Correos Express,Cross-docking,P007,Peça mecânica industrial,Peças Industriais,118,275,18880.00,125.86,0.228,847,Média,3,3,0.03,0.26,0.24,Nao,Nao,0,2026-02-17,2026-02-16,Não,Não,Transportadora com risco,"Contactar transportadora, reencaminhar pedido ou usar transporte expresso"
SCM20260039,2026-03-02,FNAC Portugal,Retalho Especializado,Portugal,Coimbra,Centro,Armazém Madrid,Norte Industrial,CTT Expresso,Rodoviário,P006,Sensor IoT de temperatura,Eletrónica,158,99,13430.00,119.14,0.253,734,Média,5,6,0.13,0.04,0.65,Sim,Sim,4,2026-03-07,2026-03-11,Sim,Não,Stock insuficiente,"Repor stock, transferir de outro armazém ou priorizar pedidos críticos"
SCM20260040,2026-02-09,Hospital Luz Lisboa,Saúde,Portugal,Lisboa,Lisboa e Vale do Tejo,Armazém Lisboa,Lisboa Components,CTT Expresso,Expresso,P004,Luvas de segurança,EPI,200,154,1400.00,109.43,0.206,818,Baixa,6,6,0.10,0.09,0.37,Nao,Sim,1,2026-02-15,2026-02-16,Sim,Não,Stock insuficiente,"Repor stock, transferir de outro armazém ou priorizar pedidos críticos"
SCM20260041,2026-05-06,Hotelaria Algarve,Hotelaria,Portugal,Albufeira,Algarve,Armazém Barcelona,Lisboa Components,DHL Iberia,Expresso,P006,Sensor IoT de temperatura,Eletrónica,148,2,12580.00,58.11,0.165,231,Alta,8,11,0.09,0.11,0.85,Sim,Sim,1,2026-05-14,2026-05-15,Sim,Não,Stock insuficiente,"Repor stock, transferir de outro armazém ou priorizar pedidos críticos"
SCM20260042,2026-04-22,Makro Portugal,Grossista,Portugal,Faro,Algarve,Armazém Lisboa,Porto Tech Parts,DHL Iberia,Cross-docking,P005,Kit primeiros socorros,Saúde e Bem-Estar,65,139,2275.00,66.84,0.241,395,Alta,5,6,0.11,0.06,0.19,Nao,Nao,0,2026-04-27,2026-04-26,Não,Não,Sem alerta crítico,Monitorizar normalmente
SCM20260043,2026-03-31,Pingo Doce Distribuição,Retalho Alimentar,Portugal,Porto,Norte,Armazém Madrid,Atlântico Distribuição,CTT Expresso,Paletizado,P008,Caixas de acondicionamento,Material de Armazém,216,110,972.00,120.24,0.206,943,Média,2,4,0.10,0.10,0.85,Sim,Sim,7,2026-04-02,2026-04-09,Sim,Não,Stock insuficiente,"Repor stock, transferir de outro armazém ou priorizar pedidos críticos"
SCM20260044,2026-03-02,Distribución Galicia,Grossista,Espanha,Vigo,Galiza,Armazém Porto,Atlântico Distribuição,DHL Iberia,Expresso,P004,Luvas de segurança,EPI,106,276,742.00,290.36,0.063,659,Média,7,8,0.12,0.11,0.27,Nao,Nao,0,2026-03-09,2026-03-09,Não,Não,Margem pressionada,"Rever preço, consolidar envios, alterar armazém de origem ou modo de transporte"
SCM20260045,2026-03-31,FNAC Portugal,Retalho Especializado,Portugal,Coimbra,Centro,Armazém Porto,Atlântico Distribuição,NACEX,Paletizado,P006,Sensor IoT de temperatura,Eletrónica,182,142,15470.00,68.25,0.310,268,Média,2,6,0.05,0.08,0.86,Sim,Sim,7,2026-04-02,2026-04-09,Sim,Não,Stock insuficiente,"Repor stock, transferir de outro armazém ou priorizar pedidos críticos"
SCM20260046,2026-04-05,Carrefour España,Retalho Alimentar,Espanha,Barcelona,Catalunha,Armazém Barcelona,Atlântico Distribuição,NACEX,Rodoviário,P007,Peça mecânica industrial,Peças Industriais,123,45,19680.00,92.47,0.193,606,Média,3,7,0.04,0.08,0.71,Sim,Sim,2,2026-04-08,2026-04-10,Sim,Não,Stock insuficiente,"Repor stock, transferir de outro armazém ou priorizar pedidos críticos"
SCM20260047,2026-04-12,MediaMarkt Iberia,Retalho Especializado,Espanha,Valência,Comunidade Valenciana,Armazém Lisboa,Lisboa Components,MRW,Cross-docking,P010,Dispositivo POS móvel,Eletrónica,63,80,16380.00,127.14,0.298,1319,Baixa,8,7,0.12,0.29,0.34,Nao,Nao,0,2026-04-20,2026-04-20,Não,Não,Transportadora com risco,"Contactar transportadora, reencaminhar pedido ou usar transporte expresso"
SCM20260048,2026-04-11,Mercadona Empresas,Retalho Alimentar,Espanha,Madrid,Madrid,Armazém Lisboa,Porto Tech Parts,NACEX,Expresso,P006,Sensor IoT de temperatura,Eletrónica,87,185,7395.00,214.76,0.030,367,Alta,8,13,0.10,0.12,0.70,Sim,Sim,1,2026-04-19,2026-04-20,Não,Não,Margem pressionada,"Rever preço, consolidar envios, alterar armazém de origem ou modo de transporte"
SCM20260049,2026-04-27,Distribución Galicia,Grossista,Espanha,Vigo,Galiza,Armazém Madrid,Lisboa Components,DHL Iberia,Paletizado,P006,Sensor IoT de temperatura,Eletrónica,91,270,7735.00,430.35,0.060,1295,Média,8,9,0.06,0.11,0.52,Sim,Nao,0,2026-05-05,2026-05-04,Não,Não,Margem pressionada,"Rever preço, consolidar envios, alterar armazém de origem ou modo de transporte"
SCM20260050,2026-03-16,Pingo Doce Distribuição,Retalho Alimentar,Portugal,Porto,Norte,Armazém Porto,Lisboa Components,GLS Iberia,Expresso,P007,Peça mecânica industrial,Peças Industriais,228,136,36480.00,70.55,0.202,347,Média,6,6,0.13,0.11,0.26,Nao,Sim,6,2026-03-22,2026-03-28,Sim,Não,Stock insuficiente,"Repor stock, transferir de outro armazém ou priorizar pedidos críticos"
SCM20260051,2026-04-05,FNAC Portugal,Retalho Especializado,Portugal,Coimbra,Centro,Armazém Madrid,Lisboa Components,NACEX,Rodoviário,P010,Dispositivo POS móvel,Eletrónica,160,237,41600.00,57.91,0.237,343,Média,2,1,0.04,0.12,0.21,Nao,Nao,0,2026-04-07,2026-04-07,Não,Não,Sem alerta crítico,Monitorizar normalmente
SCM20260052,2026-05-19,Mercadona Empresas,Retalho Alimentar,Espanha,Madrid,Madrid,Armazém Porto,Madrid Goods Network,CTT Expresso,Rodoviário,P001,Tablet robusto para logística,Eletrónica,101,111,42420.00,115.03,0.159,895,Crítica,8,10,0.37,0.06,0.66,Sim,Sim,1,2026-05-27,2026-05-28,Não,Não,Fornecedor instável,"Validar fornecedor alternativo, renegociar SLA ou aumentar stock de segurança"
SCM20260053,2026-03-18,El Corte Inglés Madrid,Retalho Especializado,Espanha,Madrid,Madrid,Armazém Madrid,Porto Tech Parts,NACEX,Rodoviário,P005,Kit primeiros socorros,Saúde e Bem-Estar,99,276,3465.00,101.91,0.225,692,Crítica,5,6,0.09,0.12,0.21,Nao,Nao,0,2026-03-23,2026-03-23,Não,Não,Sem alerta crítico,Monitorizar normalmente
SCM20260054,2026-02-05,Mercadona Empresas,Retalho Alimentar,Espanha,Madrid,Madrid,Armazém Lisboa,Atlântico Distribuição,SEUR,Rodoviário,P010,Dispositivo POS móvel,Eletrónica,201,214,52260.00,128.09,0.247,919,Baixa,7,6,0.05,0.36,0.11,Nao,Nao,0,2026-02-12,2026-02-11,Não,Não,Transportadora com risco,"Contactar transportadora, reencaminhar pedido ou usar transporte expresso"
SCM20260055,2026-04-21,Hospital Luz Lisboa,Saúde,Portugal,Lisboa,Lisboa e Vale do Tejo,Armazém Porto,Norte Industrial,GLS Iberia,Expresso,P007,Peça mecânica industrial,Peças Industriais,142,295,22720.00,103.06,0.209,583,Média,6,7,0.08,0.06,0.34,Nao,Sim,4,2026-04-27,2026-05-01,Não,Não,Sem alerta crítico,Monitorizar normalmente
SCM20260056,2026-03-10,Hotelaria Algarve,Hotelaria,Portugal,Albufeira,Algarve,Armazém Barcelona,Lisboa Components,DHL Iberia,Cross-docking,P006,Sensor IoT de temperatura,Eletrónica,192,300,16320.00,135.85,0.183,1127,Média,7,7,0.05,0.04,0.34,Nao,Nao,0,2026-03-17,2026-03-17,Não,Não,Sem alerta crítico,Monitorizar normalmente
SCM20260057,2026-03-29,Mercadona Empresas,Retalho Alimentar,Espanha,Madrid,Madrid,Armazém Lisboa,Lisboa Components,MRW,Expresso,P003,Etiquetas térmicas,Material de Armazém,55,89,990.00,153.31,0.226,1218,Média,2,2,0.08,0.34,0.29,Nao,Nao,0,2026-03-31,2026-03-31,Não,Não,Transportadora com risco,"Contactar transportadora, reencaminhar pedido ou usar transporte expresso"
SCM20260058,2026-05-06,Worten Business,Retalho Especializado,Portugal,Braga,Norte,Armazém Lisboa,Porto Tech Parts,DHL Iberia,Expresso,P002,Scanner código de barras,Eletrónica,213,350,40470.00,206.76,0.072,254,Média,3,3,0.07,0.04,0.32,Nao,Sim,7,2026-05-09,2026-05-16,Não,Não,Margem pressionada,"Rever preço, consolidar envios, alterar armazém de origem ou modo de transporte"
SCM20260059,2026-05-15,FNAC Portugal,Retalho Especializado,Portugal,Coimbra,Centro,Armazém Lisboa,Norte Industrial,CTT Expresso,Expresso,P003,Etiquetas térmicas,Material de Armazém,192,249,3456.00,346.90,0.051,966,Alta,7,8,0.12,0.13,0.69,Sim,Sim,5,2026-05-22,2026-05-27,Não,Não,Margem pressionada,"Rever preço, consolidar envios, alterar armazém de origem ou modo de transporte"
SCM20260060,2026-02-25,Makro España,Grossista,Espanha,Bilbao,País Basco,Armazém Madrid,Norte Industrial,DHL Iberia,Rodoviário,P001,Tablet robusto para logística,Eletrónica,154,149,64680.00,146.46,0.220,1004,Baixa,3,5,0.05,0.06,0.85,Sim,Sim,2,2026-02-28,2026-03-02,Sim,Não,Stock insuficiente,"Repor stock, transferir de outro armazém ou priorizar pedidos críticos"
SCM20260061,2026-03-25,Makro España,Grossista,Espanha,Bilbao,País Basco,Armazém Lisboa,Lisboa Components,NACEX,Paletizado,P009,Mini-frigorífico hotelaria,Eletrodomésticos,192,241,40320.00,247.23,0.044,524,Média,2,1,0.09,0.12,0.37,Nao,Nao,0,2026-03-27,2026-03-27,Não,Não,Margem pressionada,"Rever preço, consolidar envios, alterar armazém de origem ou modo de transporte"
SCM20260062,2026-03-12,Mercadona Empresas,Retalho Alimentar,Espanha,Madrid,Madrid,Armazém Porto,Atlântico Distribuição,CTT Expresso,Rodoviário,P004,Luvas de segurança,EPI,90,187,630.00,87.65,0.268,673,Alta,7,7,0.07,0.08,0.21,Nao,Nao,0,2026-03-19,2026-03-19,Não,Não,Sem alerta crítico,Monitorizar normalmente
SCM20260063,2026-04-04,Auchan Retail Portugal,Retalho Alimentar,Portugal,Setúbal,Lisboa e Vale do Tejo,Armazém Lisboa,Norte Industrial,Correos Express,Expresso,P001,Tablet robusto para logística,Eletrónica,167,324,70140.00,91.23,0.165,1171,Média,8,13,0.08,0.27,0.88,Sim,Sim,1,2026-04-12,2026-04-13,Não,Não,Transportadora com risco,"Contactar transportadora, reencaminhar pedido ou usar transporte expresso"
SCM20260064,2026-02-11,Carrefour España,Retalho Alimentar,Espanha,Barcelona,Catalunha,Armazém Barcelona,Norte Industrial,Correos Express,Expresso,P009,Mini-frigorífico hotelaria,Eletrodomésticos,71,177,14910.00,56.76,0.251,1301,Crítica,3,2,0.05,0.32,0.23,Nao,Nao,0,2026-02-14,2026-02-14,Não,Não,Transportadora com risco,"Contactar transportadora, reencaminhar pedido ou usar transporte expresso"
SCM20260065,2026-02-12,Worten Business,Retalho Especializado,Portugal,Braga,Norte,Armazém Madrid,Lisboa Components,MRW,Rodoviário,P001,Tablet robusto para logística,Eletrónica,225,392,94500.00,87.52,0.182,731,Média,3,2,0.12,0.25,0.49,Nao,Sim,3,2026-02-15,2026-02-18,Não,Não,Transportadora com risco,"Contactar transportadora, reencaminhar pedido ou usar transporte expresso"
SCM20260066,2026-02-04,Alcampo Retail,Retalho Alimentar,Espanha,Sevilha,Andaluzia,Armazém Barcelona,Atlântico Distribuição,MRW,Rodoviário,P010,Dispositivo POS móvel,Eletrónica,199,336,51740.00,92.79,0.178,1341,Alta,4,7,0.10,0.24,0.72,Sim,Sim,2,2026-02-08,2026-02-10,Não,Não,Transportadora com risco,"Contactar transportadora, reencaminhar pedido ou usar transporte expresso"
SCM20260067,2026-05-15,El Corte Inglés Madrid,Retalho Especializado,Espanha,Madrid,Madrid,Armazém Lisboa,Catalunya Freight,GLS Iberia,Rodoviário,P005,Kit primeiros socorros,Saúde e Bem-Estar,203,350,7105.00,51.61,0.300,152,Baixa,6,6,0.23,0.11,0.47,Nao,Sim,7,2026-05-21,2026-05-28,Não,Não,Fornecedor instável,"Validar fornecedor alternativo, renegociar SLA ou aumentar stock de segurança"
SCM20260068,2026-05-10,Alcampo Retail,Retalho Alimentar,Espanha,Sevilha,Andaluzia,Armazém Madrid,Porto Tech Parts,NACEX,Expresso,P009,Mini-frigorífico hotelaria,Eletrodomésticos,150,0,31500.00,93.44,0.264,621,Média,3,5,0.08,0.07,0.80,Sim,Sim,6,2026-05-13,2026-05-19,Sim,Não,Stock insuficiente,"Repor stock, transferir de outro armazém ou priorizar pedidos críticos"
SCM20260069,2026-05-22,Hotelaria Algarve,Hotelaria,Portugal,Albufeira,Algarve,Armazém Lisboa,Norte Industrial,GLS Iberia,Expresso,P004,Luvas de segurança,EPI,225,234,1575.00,145.34,0.230,1135,Alta,6,6,0.06,0.06,0.32,Nao,Nao,0,2026-05-28,2026-05-27,Não,Não,Sem alerta crítico,Monitorizar normalmente
SCM20260070,2026-03-17,Alcampo Retail,Retalho Alimentar,Espanha,Sevilha,Andaluzia,Armazém Porto,Lisboa Components,SEUR,Paletizado,P010,Dispositivo POS móvel,Eletrónica,20,61,5200.00,116.73,0.184,987,Baixa,7,9,0.07,0.30,0.54,Sim,Nao,0,2026-03-24,2026-03-24,Não,Não,Transportadora com risco,"Contactar transportadora, reencaminhar pedido ou usar transporte expresso"
SCM20260071,2026-04-16,Auchan Retail Portugal,Retalho Alimentar,Portugal,Setúbal,Lisboa e Vale do Tejo,Armazém Barcelona,,NACEX,Rodoviário,P001,Tablet robusto para logística,Eletrónica,183,210,76860.00,24.29,0.237,61,Média,8,13,0.05,0.06,0.52,Sim,Nao,0,2026-04-24,2026-04-24,Não,Sim,Dados incompletos,Corrigir dados antes da decisão e tornar campos obrigatórios no sistema
SCM20260072,2026-03-10,Mercadona Empresas,Retalho Alimentar,Espanha,Madrid,Madrid,Armazém Lisboa,Atlântico Distribuição,NACEX,Expresso,P002,Scanner código de barras,Eletrónica,59,98,11210.00,66.98,0.226,419,Média,7,8,0.05,0.08,0.69,Sim,Nao,0,2026-03-17,2026-03-17,Não,Sim,Dados incompletos,Corrigir dados antes da decisão e tornar campos obrigatórios no sistema
SCM20260073,2026-05-17,Hospital Quirón Madrid,Saúde,Espanha,Madrid,Madrid,Armazém Barcelona,Porto Tech Parts,CTT Expresso,Expresso,P004,Luvas de segurança,EPI,130,4,910.00,86.83,0.315,643,Média,6,9,0.06,0.07,0.63,Sim,Sim,1,2026-05-23,2026-05-24,Sim,Não,Stock insuficiente,"Repor stock, transferir de outro armazém ou priorizar pedidos críticos"
SCM20260074,2026-04-13,Pingo Doce Distribuição,Retalho Alimentar,Portugal,Porto,Norte,,Lisboa Components,GLS Iberia,Rodoviário,P008,Caixas de acondicionamento,Material de Armazém,187,257,841.50,133.86,0.287,882,Alta,8,13,0.04,0.11,0.70,Sim,Sim,5,2026-04-21,2026-04-26,Não,Sim,Dados incompletos,Corrigir dados antes da decisão e tornar campos obrigatórios no sistema
SCM20260075,2026-03-25,Pingo Doce Distribuição,Retalho Alimentar,Portugal,Porto,Norte,Armazém Lisboa,Porto Tech Parts,DHL Iberia,Rodoviário,P008,Caixas de acondicionamento,Material de Armazém,23,2,103.50,94.67,0.253,723,Média,4,8,0.12,0.09,0.74,Sim,Sim,3,2026-03-29,2026-04-01,Sim,Não,Stock insuficiente,"Repor stock, transferir de outro armazém ou priorizar pedidos críticos"
SCM20260076,2026-02-06,Makro España,Grossista,Espanha,Bilbao,País Basco,Armazém Madrid,Norte Industrial,,Rodoviário,P010,Dispositivo POS móvel,Eletrónica,25,103,6500.00,130.82,0.168,1092,Média,7,6,0.11,0.05,0.35,Nao,Sim,7,2026-02-13,2026-02-20,Não,Sim,Dados incompletos,Corrigir dados antes da decisão e tornar campos obrigatórios no sistema
SCM20260077,2026-04-26,Distribución Galicia,Grossista,Espanha,Vigo,Galiza,Armazém Barcelona,Atlântico Distribuição,Correos Express,Rodoviário,P007,Peça mecânica industrial,Peças Industriais,163,253,26080.00,136.43,0.278,689,Média,4,4,0.06,0.38,0.39,Nao,Nao,0,2026-04-30,2026-04-30,Não,Não,Transportadora com risco,"Contactar transportadora, reencaminhar pedido ou usar transporte expresso"
SCM20260078,2026-02-16,Mercadona Empresas,Retalho Alimentar,Espanha,Madrid,Madrid,Armazém Porto,Madrid Goods Network,DHL Iberia,Expresso,P006,Sensor IoT de temperatura,Eletrónica,97,195,8245.00,138.43,0.243,967,Alta,9,8,0.26,0.12,0.38,Nao,Nao,0,2026-02-25,2026-02-25,Não,Não,Fornecedor instável,"Validar fornecedor alternativo, renegociar SLA ou aumentar stock de segurança"
SCM20260079,2026-03-22,Carrefour España,Retalho Alimentar,Espanha,Barcelona,Catalunha,Armazém Porto,Catalunya Freight,DHL Iberia,Paletizado,P004,Luvas de segurança,EPI,148,293,1036.00,130.69,0.208,1066,Média,5,6,0.31,0.04,0.12,Nao,Nao,0,2026-03-27,2026-03-26,Não,Não,Fornecedor instável,"Validar fornecedor alternativo, renegociar SLA ou aumentar stock de segurança"
SCM20260080,2026-05-14,Makro Portugal,Grossista,Portugal,Faro,Algarve,Armazém Madrid,Porto Tech Parts,GLS Iberia,Paletizado,P010,Dispositivo POS móvel,Eletrónica,199,326,51740.00,260.55,0.042,440,Média,2,1,0.05,0.11,0.20,Nao,Nao,0,2026-05-16,2026-05-16,Não,Não,Margem pressionada,"Rever preço, consolidar envios, alterar armazém de origem ou modo de transporte"
SCM20260081,2026-05-14,Alcampo Retail,Retalho Alimentar,Espanha,Sevilha,Andaluzia,Armazém Madrid,Atlântico Distribuição,SEUR,Expresso,P007,Peça mecânica industrial,Peças Industriais,164,177,26240.00,148.64,0.300,1120,Alta,7,6,0.11,0.30,0.24,Nao,Nao,0,2026-05-21,2026-05-21,Não,Não,Transportadora com risco,"Contactar transportadora, reencaminhar pedido ou usar transporte expresso"
SCM20260082,2026-05-05,MediaMarkt Iberia,Retalho Especializado,Espanha,Valência,Comunidade Valenciana,Armazém Lisboa,Porto Tech Parts,DHL Iberia,Rodoviário,P008,Caixas de acondicionamento,Material de Armazém,203,94,913.50,62.94,0.261,242,Média,8,7,0.05,0.04,0.48,Nao,Nao,0,2026-05-13,2026-05-13,Sim,Não,Stock insuficiente,"Repor stock, transferir de outro armazém ou priorizar pedidos críticos"
SCM20260083,2026-04-18,Continente Empresas,Retalho Alimentar,Portugal,Lisboa,Lisboa e Vale do Tejo,Armazém Porto,Porto Tech Parts,GLS Iberia,Paletizado,P009,Mini-frigorífico hotelaria,Eletrodomésticos,195,277,40950.00,289.10,0.043,776,Baixa,3,4,0.03,0.03,0.06,Nao,Nao,0,2026-04-21,2026-04-20,Não,Não,Margem pressionada,"Rever preço, consolidar envios, alterar armazém de origem ou modo de transporte"
SCM20260084,2026-03-30,Hospital Luz Lisboa,Saúde,Portugal,Lisboa,Lisboa e Vale do Tejo,Armazém Barcelona,Madrid Goods Network,GLS Iberia,Expresso,P003,Etiquetas térmicas,Material de Armazém,115,194,2070.00,143.64,0.276,1102,Média,5,9,0.22,0.05,0.84,Sim,Sim,5,2026-04-04,2026-04-09,Não,Não,Fornecedor instável,"Validar fornecedor alternativo, renegociar SLA ou aumentar stock de segurança"
SCM20260085,2026-03-20,Pingo Doce Distribuição,Retalho Alimentar,Portugal,Porto,Norte,Armazém Madrid,Porto Tech Parts,DHL Iberia,Expresso,P004,Luvas de segurança,EPI,98,25,686.00,55.36,0.213,355,Média,3,4,0.08,0.04,0.33,Nao,Nao,0,2026-03-23,2026-03-23,Sim,Não,Stock insuficiente,"Repor stock, transferir de outro armazém ou priorizar pedidos críticos"
SCM20260086,2026-04-05,Hotelaria Algarve,Hotelaria,Portugal,Albufeira,Algarve,Armazém Lisboa,Madrid Goods Network,GLS Iberia,Expresso,P002,Scanner código de barras,Eletrónica,21,115,3990.00,132.68,0.161,932,Média,8,9,0.29,0.12,0.69,Sim,Nao,0,2026-04-13,2026-04-13,Não,Não,Fornecedor instável,"Validar fornecedor alternativo, renegociar SLA ou aumentar stock de segurança"
SCM20260087,2026-03-10,El Corte Inglés Madrid,Retalho Especializado,Espanha,Madrid,Madrid,Armazém Barcelona,Atlântico Distribuição,DHL Iberia,Paletizado,P010,Dispositivo POS móvel,Eletrónica,215,363,55900.00,288.34,0.040,427,Alta,8,8,0.12,0.12,0.25,Nao,Nao,0,2026-03-18,2026-03-17,Não,Não,Margem pressionada,"Rever preço, consolidar envios, alterar armazém de origem ou modo de transporte"
SCM20260088,2026-04-21,Worten Business,Retalho Especializado,Portugal,Braga,Norte,Armazém Porto,Madrid Goods Network,NACEX,Rodoviário,P005,Kit primeiros socorros,Saúde e Bem-Estar,204,213,7140.00,101.03,0.312,758,Média,6,6,0.36,0.13,0.26,Nao,Nao,0,2026-04-27,2026-04-27,Não,Não,Fornecedor instável,"Validar fornecedor alternativo, renegociar SLA ou aumentar stock de segurança"
SCM20260089,2026-03-24,El Corte Inglés Madrid,Retalho Especializado,Espanha,Madrid,Madrid,Armazém Madrid,Andalucía Supply Hub,CTT Expresso,Paletizado,P002,Scanner código de barras,Eletrónica,123,276,23370.00,54.63,0.187,239,Média,7,11,0.29,0.06,0.77,Sim,Sim,7,2026-03-31,2026-04-07,Não,Não,Fornecedor instável,"Validar fornecedor alternativo, renegociar SLA ou aumentar stock de segurança"
SCM20260090,2026-03-12,Carrefour España,Retalho Alimentar,Espanha,Barcelona,Catalunha,Armazém Madrid,Lisboa Components,MRW,Paletizado,P003,Etiquetas térmicas,Material de Armazém,21,63,378.00,117.19,0.181,742,Baixa,4,8,0.05,0.27,0.71,Sim,Nao,0,2026-03-16,2026-03-16,Não,Não,Transportadora com risco,"Contactar transportadora, reencaminhar pedido ou usar transporte expresso"
SCM20260091,2026-02-06,Makro España,Grossista,Espanha,Bilbao,País Basco,Armazém Lisboa,,DHL Iberia,Rodoviário,P010,Dispositivo POS móvel,Eletrónica,135,150,35100.00,135.71,0.236,1066,Média,6,5,0.08,0.04,0.32,Nao,Nao,0,2026-02-12,2026-02-11,Não,Sim,Dados incompletos,Corrigir dados antes da decisão e tornar campos obrigatórios no sistema
SCM20260092,2026-04-16,Hospital Quirón Madrid,Saúde,Espanha,Madrid,Madrid,Armazém Madrid,Norte Industrial,NACEX,Rodoviário,P010,Dispositivo POS móvel,Eletrónica,115,69,29900.00,102.97,0.319,677,Média,2,5,0.13,0.11,0.75,Sim,Sim,1,2026-04-18,2026-04-19,Sim,Não,Stock insuficiente,"Repor stock, transferir de outro armazém ou priorizar pedidos críticos"
SCM20260093,2026-05-12,Worten Business,Retalho Especializado,Portugal,Braga,Norte,Armazém Lisboa,Valencia Source,DHL Iberia,Rodoviário,P003,Etiquetas térmicas,Material de Armazém,183,264,3294.00,141.72,0.195,1219,Alta,8,11,0.25,0.07,0.53,Sim,Nao,0,2026-05-20,2026-05-19,Não,Não,Fornecedor instável,"Validar fornecedor alternativo, renegociar SLA ou aumentar stock de segurança"
SCM20260094,2026-05-04,Hospital Quirón Madrid,Saúde,Espanha,Madrid,Madrid,Armazém Barcelona,Atlântico Distribuição,NACEX,Paletizado,P009,Mini-frigorífico hotelaria,Eletrodomésticos,114,214,23940.00,52.50,0.194,199,Média,7,6,0.03,0.09,0.26,Nao,Nao,0,2026-05-11,2026-05-11,Não,Não,Sem alerta crítico,Monitorizar normalmente
SCM20260095,2026-02-07,Continente Empresas,Retalho Alimentar,Portugal,Lisboa,Lisboa e Vale do Tejo,Armazém Barcelona,Lisboa Components,Correos Express,Paletizado,P010,Dispositivo POS móvel,Eletrónica,85,184,22100.00,160.24,0.256,1003,Média,4,8,0.09,0.32,0.88,Sim,Sim,4,2026-02-11,2026-02-15,Não,Não,Transportadora com risco,"Contactar transportadora, reencaminhar pedido ou usar transporte expresso"
SCM20260096,2026-04-28,Distribución Galicia,Grossista,Espanha,Vigo,Galiza,Armazém Madrid,Norte Industrial,DHL Iberia,Rodoviário,P004,Luvas de segurança,EPI,154,138,1078.00,94.69,0.284,720,Média,2,1,0.11,0.08,0.26,Nao,Nao,0,2026-04-30,2026-04-30,Sim,Não,Stock insuficiente,"Repor stock, transferir de outro armazém ou priorizar pedidos críticos"
SCM20260097,2026-04-29,Mercadona Empresas,Retalho Alimentar,Espanha,Madrid,Madrid,Armazém Madrid,Norte Industrial,,Rodoviário,P008,Caixas de acondicionamento,Material de Armazém,182,307,819.00,148.45,0.301,1031,Alta,5,5,0.07,0.06,0.27,Nao,Nao,0,2026-05-04,2026-05-03,Não,Sim,Dados incompletos,Corrigir dados antes da decisão e tornar campos obrigatórios no sistema
SCM20260098,2026-05-15,FNAC Portugal,Retalho Especializado,Portugal,Coimbra,Centro,Armazém Barcelona,Norte Industrial,GLS Iberia,Expresso,P005,Kit primeiros socorros,Saúde e Bem-Estar,112,214,3920.00,43.64,0.216,158,Alta,5,5,0.06,0.10,0.28,Nao,Nao,0,2026-05-20,2026-05-20,Não,Não,Sem alerta crítico,Monitorizar normalmente
SCM20260099,2026-02-16,Makro Portugal,Grossista,Portugal,Faro,Algarve,Armazém Porto,Catalunya Freight,GLS Iberia,Cross-docking,P009,Mini-frigorífico hotelaria,Eletrodomésticos,101,199,21210.00,158.08,0.201,1271,Média,7,6,0.36,0.06,0.40,Nao,Sim,7,2026-02-23,2026-03-02,Não,Não,Fornecedor instável,"Validar fornecedor alternativo, renegociar SLA ou aumentar stock de segurança"
SCM20260100,2026-02-26,FNAC Portugal,Retalho Especializado,Portugal,Coimbra,Centro,Armazém Madrid,Lisboa Components,NACEX,Paletizado,P005,Kit primeiros socorros,Saúde e Bem-Estar,75,166,2625.00,281.18,0.056,724,Média,5,6,0.08,0.05,0.39,Nao,Nao,0,2026-03-03,2026-03-03,Não,Não,Margem pressionada,"Rever preço, consolidar envios, alterar armazém de origem ou modo de transporte"
SCM20260101,2026-04-14,Pingo Doce Distribuição,Retalho Alimentar,Portugal,Porto,Norte,Armazém Porto,Norte Industrial,MRW,Rodoviário,P009,Mini-frigorífico hotelaria,Eletrodomésticos,82,140,17220.00,85.29,0.227,1274,Alta,6,9,0.08,0.31,0.73,Sim,Sim,3,2026-04-20,2026-04-23,Não,Não,Transportadora com risco,"Contactar transportadora, reencaminhar pedido ou usar transporte expresso"
SCM20260102,2026-05-14,MediaMarkt Iberia,Retalho Especializado,Espanha,Valência,Comunidade Valenciana,Armazém Madrid,Porto Tech Parts,GLS Iberia,Paletizado,P003,Etiquetas térmicas,Material de Armazém,98,162,1764.00,353.47,0.025,997,Média,7,7,0.04,0.11,0.33,Nao,Nao,0,2026-05-21,2026-05-21,Não,Não,Margem pressionada,"Rever preço, consolidar envios, alterar armazém de origem ou modo de transporte"
SCM20260103,2026-04-14,Hospital Quirón Madrid,Saúde,Espanha,Madrid,Madrid,Armazém Madrid,Lisboa Components,CTT Expresso,Paletizado,P003,Etiquetas térmicas,Material de Armazém,161,149,2898.00,149.31,0.198,1081,Média,2,7,0.03,0.10,0.89,Sim,Sim,6,2026-04-16,2026-04-22,Sim,Não,Stock insuficiente,"Repor stock, transferir de outro armazém ou priorizar pedidos críticos"
SCM20260104,2026-03-31,Mercadona Empresas,Retalho Alimentar,Espanha,Madrid,Madrid,Armazém Lisboa,Lisboa Components,GLS Iberia,Expresso,P008,Caixas de acondicionamento,Material de Armazém,42,16,189.00,112.66,0.150,871,Baixa,5,6,0.13,0.12,0.51,Sim,Nao,0,2026-04-05,2026-04-05,Sim,Não,Stock insuficiente,"Repor stock, transferir de outro armazém ou priorizar pedidos críticos"
SCM20260105,2026-05-15,MediaMarkt Iberia,Retalho Especializado,Espanha,Valência,Comunidade Valenciana,Armazém Madrid,Lisboa Components,NACEX,Expresso,P005,Kit primeiros socorros,Saúde e Bem-Estar,46,63,1610.00,159.29,0.278,1199,Baixa,7,7,0.09,0.10,0.30,Nao,Nao,0,2026-05-22,2026-05-21,Não,Não,Sem alerta crítico,Monitorizar normalmente
SCM20260106,2026-02-01,Mercadona Empresas,Retalho Alimentar,Espanha,Madrid,Madrid,Armazém Barcelona,Norte Industrial,,Paletizado,P003,Etiquetas térmicas,Material de Armazém,223,283,4014.00,44.00,0.291,185,Média,6,8,0.13,0.08,0.74,Sim,Sim,6,2026-02-07,2026-02-13,Não,Sim,Dados incompletos,Corrigir dados antes da decisão e tornar campos obrigatórios no sistema
SCM20260107,2026-03-02,El Corte Inglés Madrid,Retalho Especializado,Espanha,Madrid,Madrid,Armazém Barcelona,Porto Tech Parts,NACEX,Rodoviário,P003,Etiquetas térmicas,Material de Armazém,41,193,738.00,151.60,0.234,1220,Média,6,7,0.03,0.12,0.17,Nao,Nao,0,2026-03-08,2026-03-07,Não,Não,Sem alerta crítico,Monitorizar normalmente
SCM20260108,2026-02-06,El Corte Inglés Madrid,Retalho Especializado,Espanha,Madrid,Madrid,Armazém Barcelona,Porto Tech Parts,Correos Express,Rodoviário,P004,Luvas de segurança,EPI,112,270,784.00,41.52,0.234,706,Alta,6,6,0.07,0.28,0.44,Nao,Nao,0,2026-02-12,2026-02-12,Não,Não,Transportadora com risco,"Contactar transportadora, reencaminhar pedido ou usar transporte expresso"
SCM20260109,2026-04-03,Alcampo Retail,Retalho Alimentar,Espanha,Sevilha,Andaluzia,Armazém Porto,Porto Tech Parts,SEUR,Paletizado,P008,Caixas de acondicionamento,Material de Armazém,54,175,243.00,58.13,0.318,780,Alta,7,7,0.11,0.30,0.06,Nao,Nao,0,2026-04-10,2026-04-09,Não,Não,Transportadora com risco,"Contactar transportadora, reencaminhar pedido ou usar transporte expresso"
SCM20260110,2026-02-04,Distribución Galicia,Grossista,Espanha,Vigo,Galiza,Armazém Barcelona,Porto Tech Parts,GLS Iberia,Paletizado,P004,Luvas de segurança,EPI,223,170,1561.00,93.59,0.252,754,Média,8,12,0.05,0.04,0.66,Sim,Sim,5,2026-02-12,2026-02-17,Sim,Não,Stock insuficiente,"Repor stock, transferir de outro armazém ou priorizar pedidos críticos"
SCM20260111,2026-05-01,Alcampo Retail,Retalho Alimentar,Espanha,Sevilha,Andaluzia,Armazém Barcelona,Norte Industrial,GLS Iberia,Expresso,P006,Sensor IoT de temperatura,Eletrónica,70,36,5950.00,140.89,0.318,1179,Crítica,5,7,0.08,0.12,0.88,Sim,Sim,7,2026-05-06,2026-05-13,Sim,Não,Stock insuficiente,"Repor stock, transferir de outro armazém ou priorizar pedidos críticos"
SCM20260112,2026-02-02,MediaMarkt Iberia,Retalho Especializado,Espanha,Valência,Comunidade Valenciana,Armazém Porto,Porto Tech Parts,,Rodoviário,P009,Mini-frigorífico hotelaria,Eletrodomésticos,79,97,16590.00,131.20,0.258,1117,Média,6,6,0.07,0.06,0.17,Nao,Nao,0,2026-02-08,2026-02-08,Não,Sim,Dados incompletos,Corrigir dados antes da decisão e tornar campos obrigatórios no sistema
SCM20260113,2026-02-14,Continente Empresas,Retalho Alimentar,Portugal,Lisboa,Lisboa e Vale do Tejo,Armazém Porto,Atlântico Distribuição,CTT Expresso,Paletizado,P006,Sensor IoT de temperatura,Eletrónica,195,287,16575.00,93.92,0.287,533,Alta,3,2,0.07,0.05,0.20,Nao,Nao,0,2026-02-17,2026-02-17,Não,Não,Sem alerta crítico,Monitorizar normalmente
SCM20260114,2026-02-10,Hospital Quirón Madrid,Saúde,Espanha,Madrid,Madrid,Armazém Madrid,Madrid Goods Network,GLS Iberia,Expresso,P010,Dispositivo POS móvel,Eletrónica,67,203,17420.00,38.04,0.188,161,Baixa,8,7,0.35,0.06,0.33,Nao,Sim,7,2026-02-18,2026-02-25,Não,Não,Fornecedor instável,"Validar fornecedor alternativo, renegociar SLA ou aumentar stock de segurança"
SCM20260115,2026-03-14,Hospital Luz Lisboa,Saúde,Portugal,Lisboa,Lisboa e Vale do Tejo,Armazém Madrid,Norte Industrial,MRW,Rodoviário,P009,Mini-frigorífico hotelaria,Eletrodomésticos,47,104,9870.00,78.51,0.262,1317,Média,4,3,0.10,0.26,0.34,Nao,Sim,3,2026-03-18,2026-03-21,Não,Não,Transportadora com risco,"Contactar transportadora, reencaminhar pedido ou usar transporte expresso"
SCM20260116,2026-02-27,Distribución Galicia,Grossista,Espanha,Vigo,Galiza,,Norte Industrial,CTT Expresso,Expresso,P003,Etiquetas térmicas,Material de Armazém,107,282,1926.00,77.13,0.222,412,Média,5,5,0.04,0.05,0.13,Nao,Nao,0,2026-03-04,2026-03-03,Não,Sim,Dados incompletos,Corrigir dados antes da decisão e tornar campos obrigatórios no sistema
SCM20260117,2026-05-11,Mercadona Empresas,Retalho Alimentar,Espanha,Madrid,Madrid,Armazém Porto,Lisboa Components,CTT Expresso,Rodoviário,P002,Scanner código de barras,Eletrónica,186,144,35340.00,138.87,0.159,1177,Alta,5,5,0.06,0.05,0.47,Nao,Nao,0,2026-05-16,2026-05-15,Sim,Não,Stock insuficiente,"Repor stock, transferir de outro armazém ou priorizar pedidos críticos"
SCM20260118,2026-04-22,MediaMarkt Iberia,Retalho Especializado,Espanha,Valência,Comunidade Valenciana,Armazém Lisboa,Atlântico Distribuição,Correos Express,Rodoviário,P009,Mini-frigorífico hotelaria,Eletrodomésticos,118,237,24780.00,111.55,0.203,985,Média,6,6,0.11,0.27,0.34,Nao,Sim,1,2026-04-28,2026-04-29,Não,Não,Transportadora com risco,"Contactar transportadora, reencaminhar pedido ou usar transporte expresso"
SCM20260119,2026-04-20,Auchan Retail Portugal,Retalho Alimentar,Portugal,Setúbal,Lisboa e Vale do Tejo,Armazém Madrid,Porto Tech Parts,Correos Express,Rodoviário,P003,Etiquetas térmicas,Material de Armazém,117,164,2106.00,75.71,0.152,773,Média,5,5,0.08,0.23,0.33,Nao,Nao,0,2026-04-25,2026-04-24,Não,Não,Transportadora com risco,"Contactar transportadora, reencaminhar pedido ou usar transporte expresso"
SCM20260120,2026-04-02,Pingo Doce Distribuição,Retalho Alimentar,Portugal,Porto,Norte,Armazém Madrid,Lisboa Components,DHL Iberia,Paletizado,P009,Mini-frigorífico hotelaria,Eletrodomésticos,162,195,34020.00,347.94,0.049,1066,Baixa,3,3,0.07,0.06,0.09,Nao,Nao,0,2026-04-05,2026-04-04,Não,Não,Margem pressionada,"Rever preço, consolidar envios, alterar armazém de origem ou modo de transporte"
SCM20260121,2026-03-24,Mercadona Empresas,Retalho Alimentar,Espanha,Madrid,Madrid,Armazém Lisboa,Valencia Source,NACEX,Expresso,P001,Tablet robusto para logística,Eletrónica,68,233,28560.00,48.68,0.225,302,Média,5,7,0.28,0.10,0.70,Sim,Sim,4,2026-03-29,2026-04-02,Não,Não,Fornecedor instável,"Validar fornecedor alternativo, renegociar SLA ou aumentar stock de segurança"
SCM20260122,2026-05-21,Makro Portugal,Grossista,Portugal,Faro,Algarve,Armazém Madrid,Lisboa Components,DHL Iberia,Rodoviário,P009,Mini-frigorífico hotelaria,Eletrodomésticos,182,251,38220.00,152.18,0.161,1266,Média,7,6,0.10,0.03,0.32,Nao,Nao,0,2026-05-28,2026-05-28,Não,Não,Sem alerta crítico,Monitorizar normalmente
SCM20260123,2026-03-04,El Corte Inglés Madrid,Retalho Especializado,Espanha,Madrid,Madrid,Armazém Porto,Porto Tech Parts,NACEX,Rodoviário,P001,Tablet robusto para logística,Eletrónica,216,87,90720.00,85.65,0.218,630,Alta,6,9,0.04,0.09,0.87,Sim,Sim,1,2026-03-10,2026-03-11,Sim,Não,Stock insuficiente,"Repor stock, transferir de outro armazém ou priorizar pedidos críticos"
SCM20260124,2026-02-10,Continente Empresas,Retalho Alimentar,Portugal,Lisboa,Lisboa e Vale do Tejo,Armazém Lisboa,Norte Industrial,NACEX,Rodoviário,P006,Sensor IoT de temperatura,Eletrónica,61,170,5185.00,86.76,0.174,479,Alta,8,8,0.13,0.10,0.39,Nao,Sim,1,2026-02-18,2026-02-19,Não,Não,Sem alerta crítico,Monitorizar normalmente
SCM20260125,2026-04-11,Makro Portugal,Grossista,Portugal,Faro,Algarve,Armazém Porto,Lisboa Components,SEUR,Cross-docking,P007,Peça mecânica industrial,Peças Industriais,64,238,10240.00,41.83,0.270,757,Média,5,10,0.06,0.26,0.88,Sim,Sim,1,2026-04-16,2026-04-17,Não,Não,Transportadora com risco,"Contactar transportadora, reencaminhar pedido ou usar transporte expresso"
SCM20260126,2026-02-11,Makro España,Grossista,Espanha,Bilbao,País Basco,Armazém Porto,Norte Industrial,NACEX,Expresso,P006,Sensor IoT de temperatura,Eletrónica,113,208,9605.00,347.31,0.068,984,Baixa,5,8,0.04,0.11,0.55,Sim,Nao,0,2026-02-16,2026-02-16,Não,Não,Margem pressionada,"Rever preço, consolidar envios, alterar armazém de origem ou modo de transporte"
SCM20260127,2026-02-01,Worten Business,Retalho Especializado,Portugal,Braga,Norte,Armazém Lisboa,Porto Tech Parts,SEUR,Paletizado,P008,Caixas de acondicionamento,Material de Armazém,147,236,661.50,143.42,0.170,1300,Média,6,7,0.14,0.25,0.19,Nao,Nao,0,2026-02-07,2026-02-07,Não,Não,Transportadora com risco,"Contactar transportadora, reencaminhar pedido ou usar transporte expresso"
SCM20260128,2026-05-07,Worten Business,Retalho Especializado,Portugal,Braga,Norte,Armazém Porto,Andalucía Supply Hub,NACEX,Rodoviário,P010,Dispositivo POS móvel,Eletrónica,148,284,38480.00,126.33,0.286,887,Alta,7,8,0.30,0.08,0.86,Sim,Sim,6,2026-05-14,2026-05-20,Não,Não,Fornecedor instável,"Validar fornecedor alternativo, renegociar SLA ou aumentar stock de segurança"
SCM20260129,2026-03-26,Continente Empresas,Retalho Alimentar,Portugal,Lisboa,Lisboa e Vale do Tejo,Armazém Porto,Lisboa Components,DHL Iberia,Cross-docking,P003,Etiquetas térmicas,Material de Armazém,222,267,3996.00,87.79,0.304,534,Alta,3,6,0.12,0.12,0.57,Sim,Nao,0,2026-03-29,2026-03-28,Não,Sim,Dados incompletos,Corrigir dados antes da decisão e tornar campos obrigatórios no sistema
SCM20260130,2026-05-17,MediaMarkt Iberia,Retalho Especializado,Espanha,Valência,Comunidade Valenciana,Armazém Madrid,Valencia Source,GLS Iberia,Rodoviário,P005,Kit primeiros socorros,Saúde e Bem-Estar,197,313,6895.00,128.06,0.243,1060,Média,9,8,0.26,0.09,0.25,Nao,Nao,0,2026-05-26,2026-05-26,Não,Não,Fornecedor instável,"Validar fornecedor alternativo, renegociar SLA ou aumentar stock de segurança"
SCM20260131,2026-02-23,Auchan Retail Portugal,Retalho Alimentar,Portugal,Setúbal,Lisboa e Vale do Tejo,Armazém Madrid,Porto Tech Parts,Correos Express,Rodoviário,P010,Dispositivo POS móvel,Eletrónica,81,163,21060.00,53.72,0.192,1071,Média,8,11,0.09,0.39,0.74,Sim,Sim,6,2026-03-03,2026-03-09,Não,Não,Transportadora com risco,"Contactar transportadora, reencaminhar pedido ou usar transporte expresso"
SCM20260132,2026-02-26,Alcampo Retail,Retalho Alimentar,Espanha,Sevilha,Andaluzia,Armazém Barcelona,Lisboa Components,NACEX,Paletizado,P007,Peça mecânica industrial,Peças Industriais,169,340,27040.00,135.72,0.196,1075,Baixa,2,3,0.10,0.12,0.22,Nao,Nao,0,2026-02-28,2026-02-27,Não,Não,Sem alerta crítico,Monitorizar normalmente
SCM20260133,2026-05-15,Hospital Luz Lisboa,Saúde,Portugal,Lisboa,Lisboa e Vale do Tejo,Armazém Porto,Norte Industrial,GLS Iberia,Rodoviário,P008,Caixas de acondicionamento,Material de Armazém,83,136,373.50,86.68,0.243,477,Média,8,9,0.07,0.12,0.12,Nao,Nao,0,2026-05-23,2026-05-23,Não,Não,Sem alerta crítico,Monitorizar normalmente
SCM20260134,2026-05-06,Hospital Quirón Madrid,Saúde,Espanha,Madrid,Madrid,Armazém Barcelona,Lisboa Components,SEUR,Paletizado,P008,Caixas de acondicionamento,Material de Armazém,80,107,360.00,147.29,0.249,1035,Média,8,9,0.13,0.24,0.29,Nao,Nao,0,2026-05-14,2026-05-14,Não,Não,Transportadora com risco,"Contactar transportadora, reencaminhar pedido ou usar transporte expresso"
SCM20260135,2026-02-15,Auchan Retail Portugal,Retalho Alimentar,Portugal,Setúbal,Lisboa e Vale do Tejo,Armazém Madrid,Norte Industrial,GLS Iberia,Cross-docking,P006,Sensor IoT de temperatura,Eletrónica,29,74,2465.00,61.04,0.159,189,Baixa,8,13,0.08,0.13,0.42,Sim,Nao,0,2026-02-23,2026-02-22,Não,Não,Sem alerta crítico,Monitorizar normalmente
SCM20260136,2026-03-19,Hospital Luz Lisboa,Saúde,Portugal,Lisboa,Lisboa e Vale do Tejo,Armazém Lisboa,Norte Industrial,NACEX,Expresso,P003,Etiquetas térmicas,Material de Armazém,121,150,2178.00,46.24,0.156,26,Média,6,7,0.13,0.05,0.26,Nao,Nao,0,2026-03-25,2026-03-25,Não,Não,Sem alerta crítico,Monitorizar normalmente
SCM20260137,2026-02-08,Hospital Quirón Madrid,Saúde,Espanha,Madrid,Madrid,Armazém Porto,Norte Industrial,DHL Iberia,Paletizado,P006,Sensor IoT de temperatura,Eletrónica,101,75,8585.00,74.15,0.227,368,Baixa,3,3,0.14,0.06,0.31,Nao,Sim,4,2026-02-11,2026-02-15,Sim,Não,Stock insuficiente,"Repor stock, transferir de outro armazém ou priorizar pedidos críticos"
SCM20260138,2026-04-02,Carrefour España,Retalho Alimentar,Espanha,Barcelona,Catalunha,Armazém Lisboa,Atlântico Distribuição,DHL Iberia,Paletizado,P004,Luvas de segurança,EPI,15,150,105.00,389.31,0.077,1090,Alta,2,1,0.03,0.12,0.40,Nao,Nao,0,2026-04-04,2026-04-03,Não,Não,Margem pressionada,"Rever preço, consolidar envios, alterar armazém de origem ou modo de transporte"
SCM20260139,2026-03-17,MediaMarkt Iberia,Retalho Especializado,Espanha,Valência,Comunidade Valenciana,Armazém Madrid,Atlântico Distribuição,NACEX,Expresso,P007,Peça mecânica industrial,Peças Industriais,89,155,14240.00,356.52,0.054,767,Média,8,7,0.06,0.11,0.32,Nao,Sim,6,2026-03-25,2026-03-31,Não,Não,Margem pressionada,"Rever preço, consolidar envios, alterar armazém de origem ou modo de transporte"
SCM20260140,2026-02-18,Auchan Retail Portugal,Retalho Alimentar,Portugal,Setúbal,Lisboa e Vale do Tejo,Armazém Madrid,Porto Tech Parts,GLS Iberia,Expresso,P009,Mini-frigorífico hotelaria,Eletrodomésticos,184,233,38640.00,358.01,0.020,1024,Alta,4,4,0.12,0.04,0.05,Nao,Nao,0,2026-02-22,2026-02-22,Não,Não,Margem pressionada,"Rever preço, consolidar envios, alterar armazém de origem ou modo de transporte"
SCM20260141,2026-03-14,Carrefour España,Retalho Alimentar,Espanha,Barcelona,Catalunha,Armazém Madrid,Madrid Goods Network,NACEX,Rodoviário,P003,Etiquetas térmicas,Material de Armazém,159,324,2862.00,54.61,0.290,308,Média,5,9,0.36,0.12,0.59,Sim,Sim,5,2026-03-19,2026-03-24,Não,Não,Fornecedor instável,"Validar fornecedor alternativo, renegociar SLA ou aumentar stock de segurança"
SCM20260142,2026-04-06,Pingo Doce Distribuição,Retalho Alimentar,Portugal,Porto,Norte,Armazém Porto,Porto Tech Parts,GLS Iberia,Expresso,P002,Scanner código de barras,Eletrónica,136,264,25840.00,81.78,0.298,412,Baixa,8,8,0.08,0.06,0.25,Nao,Nao,0,2026-04-14,2026-04-14,Não,Não,Sem alerta crítico,Monitorizar normalmente
SCM20260143,2026-04-26,MediaMarkt Iberia,Retalho Especializado,Espanha,Valência,Comunidade Valenciana,Armazém Lisboa,Atlântico Distribuição,NACEX,Expresso,P003,Etiquetas térmicas,Material de Armazém,74,124,1332.00,449.77,0.036,1153,Baixa,2,2,0.11,0.07,0.35,Nao,Sim,5,2026-04-28,2026-05-03,Não,Não,Margem pressionada,"Rever preço, consolidar envios, alterar armazém de origem ou modo de transporte"
SCM20260144,2026-03-11,Carrefour España,Retalho Alimentar,Espanha,Barcelona,Catalunha,Armazém Porto,Porto Tech Parts,CTT Expresso,Cross-docking,P007,Peça mecânica industrial,Peças Industriais,216,77,34560.00,75.15,0.183,296,Média,2,3,0.13,0.06,0.87,Sim,Sim,6,2026-03-13,2026-03-19,Sim,Não,Stock insuficiente,"Repor stock, transferir de outro armazém ou priorizar pedidos críticos"
SCM20260145,2026-02-19,El Corte Inglés Madrid,Retalho Especializado,Espanha,Madrid,Madrid,Armazém Lisboa,Atlântico Distribuição,CTT Expresso,Paletizado,P006,Sensor IoT de temperatura,Eletrónica,99,159,8415.00,42.59,0.247,74,Alta,3,4,0.12,0.04,0.25,Nao,Nao,0,2026-02-22,2026-02-22,Não,Não,Sem alerta crítico,Monitorizar normalmente
SCM20260146,2026-02-05,Makro España,Grossista,Espanha,Bilbao,País Basco,Armazém Lisboa,Lisboa Components,SEUR,Expresso,P008,Caixas de acondicionamento,Material de Armazém,89,135,400.50,61.88,0.313,1006,Média,2,6,0.09,0.36,0.90,Sim,Sim,2,2026-02-07,2026-02-09,Não,Não,Transportadora com risco,"Contactar transportadora, reencaminhar pedido ou usar transporte expresso"
SCM20260147,2026-05-14,Mercadona Empresas,Retalho Alimentar,Espanha,Madrid,Madrid,Armazém Lisboa,Norte Industrial,Correos Express,Paletizado,P005,Kit primeiros socorros,Saúde e Bem-Estar,180,306,6300.00,88.93,0.270,1315,Baixa,5,10,0.04,0.34,0.85,Sim,Sim,7,2026-05-19,2026-05-26,Não,Não,Transportadora com risco,"Contactar transportadora, reencaminhar pedido ou usar transporte expresso"
SCM20260148,2026-03-09,Makro Portugal,Grossista,Portugal,Faro,Algarve,,Lisboa Components,NACEX,Paletizado,P006,Sensor IoT de temperatura,Eletrónica,85,120,7225.00,102.82,0.274,715,Média,8,9,0.03,0.12,0.42,Nao,Nao,0,2026-03-17,2026-03-16,Não,Sim,Dados incompletos,Corrigir dados antes da decisão e tornar campos obrigatórios no sistema
SCM20260149,2026-03-26,Distribución Galicia,Grossista,Espanha,Vigo,Galiza,Armazém Madrid,Lisboa Components,CTT Expresso,Expresso,P002,Scanner código de barras,Eletrónica,136,11,25840.00,99.05,0.226,654,Alta,2,1,0.03,0.11,0.28,Nao,Nao,0,2026-03-28,2026-03-27,Sim,Não,Stock insuficiente,"Repor stock, transferir de outro armazém ou priorizar pedidos críticos"
SCM20260150,2026-05-19,Pingo Doce Distribuição,Retalho Alimentar,Portugal,Porto,Norte,Armazém Porto,Atlântico Distribuição,DHL Iberia,Rodoviário,P007,Peça mecânica industrial,Peças Industriais,211,365,33760.00,73.26,0.236,318,Baixa,6,10,0.11,0.09,0.69,Sim,Nao,0,2026-05-25,2026-05-24,Não,Sim,Dados incompletos,Corrigir dados antes da decisão e tornar campos obrigatórios no sistema
SCM20260151,2026-04-08,Makro Portugal,Grossista,Portugal,Faro,Algarve,Armazém Madrid,Lisboa Components,NACEX,Expresso,P007,Peça mecânica industrial,Peças Industriais,135,146,21600.00,292.16,0.078,729,Média,6,6,0.06,0.10,0.47,Nao,Sim,6,2026-04-14,2026-04-20,Não,Não,Margem pressionada,"Rever preço, consolidar envios, alterar armazém de origem ou modo de transporte"
SCM20260152,2026-03-08,Makro España,Grossista,Espanha,Bilbao,País Basco,Armazém Porto,Norte Industrial,CTT Expresso,Expresso,P003,Etiquetas térmicas,Material de Armazém,144,298,2592.00,232.49,0.031,381,Média,5,6,0.12,0.04,0.69,Sim,Sim,4,2026-03-13,2026-03-17,Não,Não,Margem pressionada,"Rever preço, consolidar envios, alterar armazém de origem ou modo de transporte"
SCM20260153,2026-04-22,Distribución Galicia,Grossista,Espanha,Vigo,Galiza,Armazém Barcelona,Valencia Source,NACEX,Expresso,P004,Luvas de segurança,EPI,145,304,1015.00,25.91,0.262,74,Média,6,11,0.24,0.03,0.90,Sim,Sim,2,2026-04-28,2026-04-30,Não,Não,Fornecedor instável,"Validar fornecedor alternativo, renegociar SLA ou aumentar stock de segurança"
SCM20260154,2026-03-21,Makro Portugal,Grossista,Portugal,Faro,Algarve,Armazém Lisboa,Porto Tech Parts,Correos Express,Paletizado,P009,Mini-frigorífico hotelaria,Eletrodomésticos,23,116,4830.00,119.49,0.282,1087,Baixa,6,8,0.09,0.24,0.81,Sim,Nao,0,2026-03-27,2026-03-26,Não,Não,Transportadora com risco,"Contactar transportadora, reencaminhar pedido ou usar transporte expresso"
SCM20260155,2026-04-21,Makro España,Grossista,Espanha,Bilbao,País Basco,Armazém Barcelona,Porto Tech Parts,Correos Express,Paletizado,P004,Luvas de segurança,EPI,179,275,1253.00,94.74,0.229,1394,Alta,4,4,0.14,0.28,0.27,Nao,Nao,0,2026-04-25,2026-04-24,Não,Não,Transportadora com risco,"Contactar transportadora, reencaminhar pedido ou usar transporte expresso"
SCM20260156,2026-04-04,Continente Empresas,Retalho Alimentar,Portugal,Lisboa,Lisboa e Vale do Tejo,Armazém Porto,Andalucía Supply Hub,NACEX,Rodoviário,P002,Scanner código de barras,Eletrónica,203,365,38570.00,122.63,0.210,863,Baixa,6,8,0.27,0.11,0.68,Sim,Sim,2,2026-04-10,2026-04-12,Não,Não,Fornecedor instável,"Validar fornecedor alternativo, renegociar SLA ou aumentar stock de segurança"
SCM20260157,2026-04-15,Alcampo Retail,Retalho Alimentar,Espanha,Sevilha,Andaluzia,Armazém Barcelona,Madrid Goods Network,GLS Iberia,Rodoviário,P002,Scanner código de barras,Eletrónica,94,269,17860.00,43.78,0.176,106,Crítica,9,10,0.27,0.12,0.69,Sim,Sim,2,2026-04-24,2026-04-26,Não,Não,Fornecedor instável,"Validar fornecedor alternativo, renegociar SLA ou aumentar stock de segurança"
SCM20260158,2026-03-07,FNAC Portugal,Retalho Especializado,Portugal,Coimbra,Centro,Armazém Lisboa,Atlântico Distribuição,DHL Iberia,Cross-docking,P006,Sensor IoT de temperatura,Eletrónica,223,76,18955.00,117.07,0.166,918,Média,6,8,0.10,0.06,0.91,Sim,Sim,7,2026-03-13,2026-03-20,Sim,Não,Stock insuficiente,"Repor stock, transferir de outro armazém ou priorizar pedidos críticos"
SCM20260159,2026-02-11,Hospital Quirón Madrid,Saúde,Espanha,Madrid,Madrid,Armazém Porto,Atlântico Distribuição,GLS Iberia,Expresso,P006,Sensor IoT de temperatura,Eletrónica,150,255,12750.00,119.22,0.195,802,Crítica,6,6,0.04,0.04,0.11,Nao,Nao,0,2026-02-17,2026-02-17,Não,Não,Sem alerta crítico,Monitorizar normalmente
SCM20260160,2026-03-08,Distribución Galicia,Grossista,Espanha,Vigo,Galiza,Armazém Madrid,Madrid Goods Network,NACEX,Cross-docking,P003,Etiquetas térmicas,Material de Armazém,16,128,288.00,101.92,0.276,626,Crítica,7,8,0.32,0.10,0.72,Sim,Sim,1,2026-03-15,2026-03-16,Não,Não,Fornecedor instável,"Validar fornecedor alternativo, renegociar SLA ou aumentar stock de segurança"
SCM20260161,2026-02-23,Hotelaria Algarve,Hotelaria,Portugal,Albufeira,Algarve,Armazém Barcelona,Norte Industrial,SEUR,Rodoviário,P001,Tablet robusto para logística,Eletrónica,204,347,85680.00,115.16,0.233,778,Alta,6,10,0.03,0.34,0.75,Sim,Nao,0,2026-03-01,2026-03-01,Não,Não,Transportadora com risco,"Contactar transportadora, reencaminhar pedido ou usar transporte expresso"
SCM20260162,2026-02-25,El Corte Inglés Madrid,Retalho Especializado,Espanha,Madrid,Madrid,Armazém Porto,Catalunya Freight,DHL Iberia,Rodoviário,P009,Mini-frigorífico hotelaria,Eletrodomésticos,202,225,42420.00,147.26,0.272,1089,Baixa,6,7,0.30,0.10,0.88,Sim,Sim,3,2026-03-03,2026-03-06,Não,Não,Fornecedor instável,"Validar fornecedor alternativo, renegociar SLA ou aumentar stock de segurança"
SCM20260163,2026-03-16,Hospital Quirón Madrid,Saúde,Espanha,Madrid,Madrid,Armazém Barcelona,Catalunya Freight,CTT Expresso,Expresso,P008,Caixas de acondicionamento,Material de Armazém,43,113,193.50,94.26,0.268,554,Média,9,10,0.24,0.06,0.79,Sim,Sim,6,2026-03-25,2026-03-31,Não,Não,Fornecedor instável,"Validar fornecedor alternativo, renegociar SLA ou aumentar stock de segurança"
SCM20260164,2026-04-26,Pingo Doce Distribuição,Retalho Alimentar,Portugal,Porto,Norte,Armazém Porto,Lisboa Components,MRW,Expresso,P009,Mini-frigorífico hotelaria,Eletrodomésticos,130,144,27300.00,137.78,0.221,1113,Alta,6,9,0.09,0.36,0.65,Sim,Sim,2,2026-05-02,2026-05-04,Não,Não,Transportadora com risco,"Contactar transportadora, reencaminhar pedido ou usar transporte expresso"
SCM20260165,2026-02-23,Pingo Doce Distribuição,Retalho Alimentar,Portugal,Porto,Norte,Armazém Madrid,Norte Industrial,GLS Iberia,Paletizado,P010,Dispositivo POS móvel,Eletrónica,166,218,43160.00,243.02,0.027,317,Média,6,9,0.05,0.06,0.53,Sim,Nao,0,2026-03-01,2026-02-28,Não,Não,Margem pressionada,"Rever preço, consolidar envios, alterar armazém de origem ou modo de transporte"
SCM20260166,2026-02-01,Mercadona Empresas,Retalho Alimentar,Espanha,Madrid,Madrid,Armazém Lisboa,Norte Industrial,CTT Expresso,Rodoviário,P004,Luvas de segurança,EPI,51,135,357.00,170.84,0.165,1274,Média,6,6,0.05,0.06,0.20,Nao,Nao,0,2026-02-07,2026-02-07,Não,Não,Sem alerta crítico,Monitorizar normalmente
SCM20260167,2026-02-09,Distribución Galicia,Grossista,Espanha,Vigo,Galiza,Armazém Madrid,Catalunya Freight,CTT Expresso,Rodoviário,P003,Etiquetas térmicas,Material de Armazém,144,155,2592.00,145.99,0.221,1031,Média,6,7,0.24,0.03,0.70,Sim,Sim,2,2026-02-15,2026-02-17,Não,Não,Fornecedor instável,"Validar fornecedor alternativo, renegociar SLA ou aumentar stock de segurança"
SCM20260168,2026-05-17,Makro Portugal,Grossista,Portugal,Faro,Algarve,Armazém Lisboa,Porto Tech Parts,GLS Iberia,Cross-docking,P001,Tablet robusto para logística,Eletrónica,131,69,55020.00,41.75,0.225,126,Média,8,10,0.10,0.05,0.89,Sim,Sim,4,2026-05-25,2026-05-29,Sim,Não,Stock insuficiente,"Repor stock, transferir de outro armazém ou priorizar pedidos críticos"
SCM20260169,2026-03-19,Makro Portugal,Grossista,Portugal,Faro,Algarve,Armazém Barcelona,,GLS Iberia,Paletizado,P007,Peça mecânica industrial,Peças Industriais,229,334,36640.00,66.92,0.231,199,Baixa,3,3,0.09,0.10,0.05,Nao,Nao,0,2026-03-22,2026-03-22,Não,Sim,Dados incompletos,Corrigir dados antes da decisão e tornar campos obrigatórios no sistema
SCM20260170,2026-04-25,Distribución Galicia,Grossista,Espanha,Vigo,Galiza,Armazém Madrid,Norte Industrial,MRW,Cross-docking,P007,Peça mecânica industrial,Peças Industriais,181,194,28960.00,157.16,0.152,1067,Baixa,8,13,0.05,0.34,0.61,Sim,Sim,5,2026-05-03,2026-05-08,Não,Não,Transportadora com risco,"Contactar transportadora, reencaminhar pedido ou usar transporte expresso"
SCM20260171,2026-04-01,Auchan Retail Portugal,Retalho Alimentar,Portugal,Setúbal,Lisboa e Vale do Tejo,Armazém Barcelona,Valencia Source,GLS Iberia,Rodoviário,P010,Dispositivo POS móvel,Eletrónica,84,202,21840.00,96.36,0.161,734,Baixa,7,12,0.32,0.08,0.65,Sim,Sim,2,2026-04-08,2026-04-10,Não,Não,Fornecedor instável,"Validar fornecedor alternativo, renegociar SLA ou aumentar stock de segurança"
SCM20260172,2026-02-14,Alcampo Retail,Retalho Alimentar,Espanha,Sevilha,Andaluzia,Armazém Barcelona,,CTT Expresso,Expresso,P008,Caixas de acondicionamento,Material de Armazém,117,170,526.50,137.89,0.175,944,Crítica,3,3,0.06,0.09,0.20,Nao,Nao,0,2026-02-17,2026-02-16,Não,Sim,Dados incompletos,Corrigir dados antes da decisão e tornar campos obrigatórios no sistema
SCM20260173,2026-05-14,El Corte Inglés Madrid,Retalho Especializado,Espanha,Madrid,Madrid,Armazém Porto,Norte Industrial,DHL Iberia,Expresso,P005,Kit primeiros socorros,Saúde e Bem-Estar,167,346,5845.00,82.31,0.242,630,Média,5,5,0.05,0.08,0.11,Nao,Nao,0,2026-05-19,2026-05-18,Não,Não,Sem alerta crítico,Monitorizar normalmente
SCM20260174,2026-03-02,Mercadona Empresas,Retalho Alimentar,Espanha,Madrid,Madrid,Armazém Lisboa,Madrid Goods Network,CTT Expresso,Rodoviário,P004,Luvas de segurança,EPI,174,228,1218.00,157.15,0.219,1136,Média,6,7,0.35,0.10,0.18,Nao,Nao,0,2026-03-08,2026-03-07,Não,Não,Fornecedor instável,"Validar fornecedor alternativo, renegociar SLA ou aumentar stock de segurança"
SCM20260175,2026-04-28,Distribución Galicia,Grossista,Espanha,Vigo,Galiza,Armazém Barcelona,,DHL Iberia,Paletizado,P002,Scanner código de barras,Eletrónica,63,217,11970.00,45.95,0.179,26,Média,8,11,0.03,0.10,0.63,Sim,Sim,3,2026-05-06,2026-05-09,Não,Sim,Dados incompletos,Corrigir dados antes da decisão e tornar campos obrigatórios no sistema
SCM20260176,2026-05-04,Carrefour España,Retalho Alimentar,Espanha,Barcelona,Catalunha,Armazém Porto,Porto Tech Parts,SEUR,Rodoviário,P003,Etiquetas térmicas,Material de Armazém,85,111,1530.00,92.07,0.254,1033,Média,6,10,0.04,0.29,0.56,Sim,Sim,1,2026-05-10,2026-05-11,Não,Não,Transportadora com risco,"Contactar transportadora, reencaminhar pedido ou usar transporte expresso"
SCM20260177,2026-04-15,Worten Business,Retalho Especializado,Portugal,Braga,Norte,,Porto Tech Parts,DHL Iberia,Rodoviário,P003,Etiquetas térmicas,Material de Armazém,78,185,1404.00,79.08,0.181,477,Alta,6,6,0.08,0.10,0.09,Nao,Nao,0,2026-04-21,2026-04-20,Não,Sim,Dados incompletos,Corrigir dados antes da decisão e tornar campos obrigatórios no sistema
SCM20260178,2026-02-03,Continente Empresas,Retalho Alimentar,Portugal,Lisboa,Lisboa e Vale do Tejo,Armazém Lisboa,Norte Industrial,NACEX,Expresso,P008,Caixas de acondicionamento,Material de Armazém,30,105,135.00,140.55,0.212,1171,Média,5,6,0.13,0.04,0.43,Sim,Nao,0,2026-02-08,2026-02-07,Não,Não,Sem alerta crítico,Monitorizar normalmente
SCM20260179,2026-05-05,Makro Portugal,Grossista,Portugal,Faro,Algarve,Armazém Madrid,Norte Industrial,,Cross-docking,P010,Dispositivo POS móvel,Eletrónica,43,172,11180.00,109.12,0.226,786,Alta,3,2,0.13,0.11,0.45,Nao,Nao,0,2026-05-08,2026-05-07,Não,Sim,Dados incompletos,Corrigir dados antes da decisão e tornar campos obrigatórios no sistema
SCM20260180,2026-05-07,Mercadona Empresas,Retalho Alimentar,Espanha,Madrid,Madrid,Armazém Barcelona,Porto Tech Parts,NACEX,Cross-docking,P005,Kit primeiros socorros,Saúde e Bem-Estar,68,47,2380.00,83.96,0.250,403,Baixa,6,6,0.08,0.13,0.25,Nao,Nao,0,2026-05-13,2026-05-13,Sim,Não,Stock insuficiente,"Repor stock, transferir de outro armazém ou priorizar pedidos críticos"
SCM20260181,2026-04-08,Makro España,Grossista,Espanha,Bilbao,País Basco,Armazém Madrid,Lisboa Components,DHL Iberia,Expresso,P008,Caixas de acondicionamento,Material de Armazém,103,226,463.50,374.58,0.053,853,Média,4,5,0.13,0.03,0.65,Sim,Sim,1,2026-04-12,2026-04-13,Não,Não,Margem pressionada,"Rever preço, consolidar envios, alterar armazém de origem ou modo de transporte"
SCM20260182,2026-05-02,Makro Portugal,Grossista,Portugal,Faro,Algarve,Armazém Barcelona,Norte Industrial,SEUR,Expresso,P003,Etiquetas térmicas,Material de Armazém,128,287,2304.00,102.72,0.171,1069,Média,4,7,0.10,0.24,0.56,Sim,Sim,6,2026-05-06,2026-05-12,Não,Não,Transportadora com risco,"Contactar transportadora, reencaminhar pedido ou usar transporte expresso"
SCM20260183,2026-04-10,FNAC Portugal,Retalho Especializado,Portugal,Coimbra,Centro,Armazém Porto,Norte Industrial,CTT Expresso,Paletizado,P003,Etiquetas térmicas,Material de Armazém,204,277,3672.00,140.49,0.247,1035,Média,2,3,0.12,0.06,0.25,Nao,Nao,0,2026-04-12,2026-04-12,Não,Não,Sem alerta crítico,Monitorizar normalmente
SCM20260184,2026-04-03,Mercadona Empresas,Retalho Alimentar,Espanha,Madrid,Madrid,,Porto Tech Parts,GLS Iberia,Expresso,P004,Luvas de segurança,EPI,181,230,1267.00,55.21,0.150,125,Média,6,5,0.08,0.04,0.14,Nao,Nao,0,2026-04-09,2026-04-09,Não,Sim,Dados incompletos,Corrigir dados antes da decisão e tornar campos obrigatórios no sistema
SCM20260185,2026-02-24,Hospital Quirón Madrid,Saúde,Espanha,Madrid,Madrid,Armazém Porto,Atlântico Distribuição,,Rodoviário,P002,Scanner código de barras,Eletrónica,201,213,38190.00,86.09,0.166,612,Crítica,7,7,0.08,0.06,0.11,Nao,Nao,0,2026-03-03,2026-03-02,Não,Sim,Dados incompletos,Corrigir dados antes da decisão e tornar campos obrigatórios no sistema
SCM20260186,2026-04-10,Hospital Quirón Madrid,Saúde,Espanha,Madrid,Madrid,Armazém Porto,Atlântico Distribuição,CTT Expresso,Paletizado,P001,Tablet robusto para logística,Eletrónica,167,132,70140.00,152.26,0.194,1122,Alta,2,3,0.13,0.03,0.72,Sim,Sim,2,2026-04-12,2026-04-14,Sim,Não,Stock insuficiente,"Repor stock, transferir de outro armazém ou priorizar pedidos críticos"
SCM20260187,2026-03-10,Hospital Luz Lisboa,Saúde,Portugal,Lisboa,Lisboa e Vale do Tejo,Armazém Madrid,Porto Tech Parts,GLS Iberia,Rodoviário,P005,Kit primeiros socorros,Saúde e Bem-Estar,91,144,3185.00,56.39,0.282,314,Média,7,6,0.06,0.12,0.35,Nao,Nao,0,2026-03-17,2026-03-16,Não,Não,Sem alerta crítico,Monitorizar normalmente
SCM20260188,2026-02-13,Distribución Galicia,Grossista,Espanha,Vigo,Galiza,Armazém Porto,Madrid Goods Network,NACEX,Rodoviário,P002,Scanner código de barras,Eletrónica,226,400,42940.00,53.95,0.218,283,Média,9,13,0.30,0.08,0.54,Sim,Nao,0,2026-02-22,2026-02-21,Não,Não,Fornecedor instável,"Validar fornecedor alternativo, renegociar SLA ou aumentar stock de segurança"
SCM20260189,2026-04-12,Hotelaria Algarve,Hotelaria,Portugal,Albufeira,Algarve,Armazém Barcelona,Norte Industrial,GLS Iberia,Expresso,P010,Dispositivo POS móvel,Eletrónica,91,189,23660.00,287.47,0.038,418,Alta,2,2,0.09,0.03,0.41,Nao,Nao,0,2026-04-14,2026-04-13,Não,Não,Margem pressionada,"Rever preço, consolidar envios, alterar armazém de origem ou modo de transporte"
SCM20260190,2026-04-01,Hospital Luz Lisboa,Saúde,Portugal,Lisboa,Lisboa e Vale do Tejo,Armazém Barcelona,Porto Tech Parts,GLS Iberia,Paletizado,P006,Sensor IoT de temperatura,Eletrónica,26,85,2210.00,369.81,0.070,1019,Alta,3,2,0.06,0.09,0.28,Nao,Sim,1,2026-04-04,2026-04-05,Não,Não,Margem pressionada,"Rever preço, consolidar envios, alterar armazém de origem ou modo de transporte"
SCM20260191,2026-05-22,Makro Portugal,Grossista,Portugal,Faro,Algarve,Armazém Madrid,Porto Tech Parts,GLS Iberia,Paletizado,P010,Dispositivo POS móvel,Eletrónica,159,328,41340.00,123.72,0.237,850,Média,7,9,0.13,0.06,0.50,Sim,Nao,0,2026-05-29,2026-05-29,Não,Não,Sem alerta crítico,Monitorizar normalmente
SCM20260192,2026-03-02,Alcampo Retail,Retalho Alimentar,Espanha,Sevilha,Andaluzia,Armazém Porto,Andalucía Supply Hub,CTT Expresso,Rodoviário,P010,Dispositivo POS móvel,Eletrónica,129,189,33540.00,170.07,0.262,1248,Média,7,7,0.24,0.08,0.36,Nao,Nao,0,2026-03-09,2026-03-09,Não,Não,Fornecedor instável,"Validar fornecedor alternativo, renegociar SLA ou aumentar stock de segurança"
SCM20260193,2026-04-08,Hospital Quirón Madrid,Saúde,Espanha,Madrid,Madrid,Armazém Porto,Lisboa Components,NACEX,Rodoviário,P007,Peça mecânica industrial,Peças Industriais,181,117,28960.00,133.07,0.292,1115,Média,3,5,0.05,0.12,0.82,Sim,Sim,2,2026-04-11,2026-04-13,Sim,Não,Stock insuficiente,"Repor stock, transferir de outro armazém ou priorizar pedidos críticos"
SCM20260194,2026-04-01,Pingo Doce Distribuição,Retalho Alimentar,Portugal,Porto,Norte,Armazém Lisboa,Porto Tech Parts,SEUR,Cross-docking,P001,Tablet robusto para logística,Eletrónica,52,223,21840.00,121.97,0.301,859,Alta,4,6,0.07,0.39,0.86,Sim,Sim,2,2026-04-05,2026-04-07,Não,Não,Transportadora com risco,"Contactar transportadora, reencaminhar pedido ou usar transporte expresso"
SCM20260195,2026-02-03,Makro Portugal,Grossista,Portugal,Faro,Algarve,Armazém Barcelona,Lisboa Components,CTT Expresso,Rodoviário,P009,Mini-frigorífico hotelaria,Eletrodomésticos,62,27,13020.00,154.70,0.197,1191,Média,4,7,0.07,0.13,0.69,Sim,Sim,5,2026-02-07,2026-02-12,Sim,Não,Stock insuficiente,"Repor stock, transferir de outro armazém ou priorizar pedidos críticos"
SCM20260196,2026-05-06,Mercadona Empresas,Retalho Alimentar,Espanha,Madrid,Madrid,Armazém Lisboa,Atlântico Distribuição,DHL Iberia,Expresso,P007,Peça mecânica industrial,Peças Industriais,61,34,9760.00,149.74,0.227,1043,Média,4,9,0.04,0.12,0.86,Sim,Sim,7,2026-05-10,2026-05-17,Sim,Não,Stock insuficiente,"Repor stock, transferir de outro armazém ou priorizar pedidos críticos"
SCM20260197,2026-03-16,Auchan Retail Portugal,Retalho Alimentar,Portugal,Setúbal,Lisboa e Vale do Tejo,,Porto Tech Parts,GLS Iberia,Expresso,P007,Peça mecânica industrial,Peças Industriais,145,275,23200.00,160.68,0.303,1285,Baixa,6,5,0.12,0.09,0.34,Nao,Nao,0,2026-03-22,2026-03-21,Não,Sim,Dados incompletos,Corrigir dados antes da decisão e tornar campos obrigatórios no sistema
SCM20260198,2026-02-01,Makro España,Grossista,Espanha,Bilbao,País Basco,Armazém Porto,Andalucía Supply Hub,CTT Expresso,Rodoviário,P002,Scanner código de barras,Eletrónica,138,198,26220.00,94.32,0.276,759,Baixa,6,9,0.26,0.11,0.68,Sim,Sim,7,2026-02-07,2026-02-14,Não,Não,Fornecedor instável,"Validar fornecedor alternativo, renegociar SLA ou aumentar stock de segurança"
SCM20260199,2026-03-14,Pingo Doce Distribuição,Retalho Alimentar,Portugal,Porto,Norte,Armazém Barcelona,Norte Industrial,CTT Expresso,Expresso,P004,Luvas de segurança,EPI,108,28,756.00,113.58,0.157,947,Média,7,8,0.08,0.12,0.65,Sim,Sim,6,2026-03-21,2026-03-27,Sim,Não,Stock insuficiente,"Repor stock, transferir de outro armazém ou priorizar pedidos críticos"
SCM20260200,2026-02-28,Alcampo Retail,Retalho Alimentar,Espanha,Sevilha,Andaluzia,Armazém Lisboa,Andalucía Supply Hub,DHL Iberia,Rodoviário,P007,Peça mecânica industrial,Peças Industriais,139,280,22240.00,139.61,0.160,1198,Alta,6,8,0.33,0.08,0.70,Sim,Sim,1,2026-03-06,2026-03-07,Não,Não,Fornecedor instável,"Validar fornecedor alternativo, renegociar SLA ou aumentar stock de segurança"
SCM20260201,2026-03-12,Hotelaria Algarve,Hotelaria,Portugal,Albufeira,Algarve,Armazém Barcelona,Norte Industrial,NACEX,Paletizado,P008,Caixas de acondicionamento,Material de Armazém,227,350,1021.50,306.78,0.034,779,Média,5,7,0.07,0.09,0.58,Sim,Sim,7,2026-03-17,2026-03-24,Não,Não,Margem pressionada,"Rever preço, consolidar envios, alterar armazém de origem ou modo de transporte"
SCM20260202,2026-04-30,Carrefour España,Retalho Alimentar,Espanha,Barcelona,Catalunha,Armazém Lisboa,Valencia Source,NACEX,Rodoviário,P004,Luvas de segurança,EPI,228,401,1596.00,86.53,0.234,564,Média,7,10,0.27,0.12,0.58,Sim,Nao,0,2026-05-07,2026-05-07,Não,Não,Fornecedor instável,"Validar fornecedor alternativo, renegociar SLA ou aumentar stock de segurança"
SCM20260203,2026-03-02,Hotelaria Algarve,Hotelaria,Portugal,Albufeira,Algarve,Armazém Madrid,Lisboa Components,NACEX,Expresso,P002,Scanner código de barras,Eletrónica,89,140,16910.00,335.93,0.053,745,Baixa,4,4,0.09,0.09,0.38,Nao,Sim,5,2026-03-06,2026-03-11,Não,Não,Margem pressionada,"Rever preço, consolidar envios, alterar armazém de origem ou modo de transporte"
SCM20260204,2026-04-30,Mercadona Empresas,Retalho Alimentar,Espanha,Madrid,Madrid,Armazém Madrid,Madrid Goods Network,NACEX,Expresso,P003,Etiquetas térmicas,Material de Armazém,116,226,2088.00,98.31,0.265,640,Alta,9,14,0.36,0.12,0.61,Sim,Sim,7,2026-05-09,2026-05-16,Não,Não,Fornecedor instável,"Validar fornecedor alternativo, renegociar SLA ou aumentar stock de segurança"
SCM20260205,2026-02-26,Hospital Luz Lisboa,Saúde,Portugal,Lisboa,Lisboa e Vale do Tejo,Armazém Porto,Catalunya Freight,CTT Expresso,Expresso,P009,Mini-frigorífico hotelaria,Eletrodomésticos,112,254,23520.00,96.82,0.318,580,Alta,7,6,0.29,0.04,0.18,Nao,Nao,0,2026-03-05,2026-03-04,Não,Não,Fornecedor instável,"Validar fornecedor alternativo, renegociar SLA ou aumentar stock de segurança"
SCM20260206,2026-02-03,Distribución Galicia,Grossista,Espanha,Vigo,Galiza,Armazém Madrid,Atlântico Distribuição,NACEX,Expresso,P004,Luvas de segurança,EPI,79,111,553.00,72.09,0.186,517,Baixa,7,8,0.04,0.04,0.27,Nao,Nao,0,2026-02-10,2026-02-10,Não,Não,Sem alerta crítico,Monitorizar normalmente
SCM20260207,2026-03-25,Hotelaria Algarve,Hotelaria,Portugal,Albufeira,Algarve,Armazém Barcelona,Lisboa Components,DHL Iberia,Expresso,P005,Kit primeiros socorros,Saúde e Bem-Estar,60,108,2100.00,308.04,0.081,856,Média,8,8,0.11,0.07,0.39,Nao,Nao,0,2026-04-02,2026-04-01,Não,Não,Margem pressionada,"Rever preço, consolidar envios, alterar armazém de origem ou modo de transporte"
SCM20260208,2026-03-15,Worten Business,Retalho Especializado,Portugal,Braga,Norte,Armazém Porto,Atlântico Distribuição,,Expresso,P005,Kit primeiros socorros,Saúde e Bem-Estar,102,129,3570.00,145.14,0.188,1135,Média,6,7,0.05,0.12,0.53,Sim,Nao,0,2026-03-21,2026-03-20,Não,Sim,Dados incompletos,Corrigir dados antes da decisão e tornar campos obrigatórios no sistema
SCM20260209,2026-03-22,Carrefour España,Retalho Alimentar,Espanha,Barcelona,Catalunha,Armazém Madrid,Atlântico Distribuição,GLS Iberia,Paletizado,P006,Sensor IoT de temperatura,Eletrónica,175,96,14875.00,155.24,0.160,1134,Alta,4,8,0.04,0.07,0.90,Sim,Sim,2,2026-03-26,2026-03-28,Sim,Não,Stock insuficiente,"Repor stock, transferir de outro armazém ou priorizar pedidos críticos"
SCM20260210,2026-03-11,Hospital Quirón Madrid,Saúde,Espanha,Madrid,Madrid,Armazém Lisboa,Norte Industrial,DHL Iberia,Expresso,P001,Tablet robusto para logística,Eletrónica,133,311,55860.00,405.46,0.037,1196,Baixa,4,5,0.12,0.03,0.60,Sim,Sim,7,2026-03-15,2026-03-22,Não,Não,Margem pressionada,"Rever preço, consolidar envios, alterar armazém de origem ou modo de transporte"
SCM20260211,2026-03-25,Continente Empresas,Retalho Alimentar,Portugal,Lisboa,Lisboa e Vale do Tejo,Armazém Madrid,Lisboa Components,NACEX,Paletizado,P010,Dispositivo POS móvel,Eletrónica,123,257,31980.00,25.17,0.236,59,Baixa,6,5,0.05,0.04,0.14,Nao,Nao,0,2026-03-31,2026-03-30,Não,Não,Sem alerta crítico,Monitorizar normalmente
SCM20260212,2026-05-15,Hotelaria Algarve,Hotelaria,Portugal,Albufeira,Algarve,Armazém Lisboa,Porto Tech Parts,CTT Expresso,Expresso,P007,Peça mecânica industrial,Peças Industriais,110,276,17600.00,117.86,0.195,700,Alta,6,6,0.12,0.07,0.31,Nao,Nao,0,2026-05-21,2026-05-20,Não,Sim,Dados incompletos,Corrigir dados antes da decisão e tornar campos obrigatórios no sistema
SCM20260213,2026-04-26,Hospital Luz Lisboa,Saúde,Portugal,Lisboa,Lisboa e Vale do Tejo,Armazém Barcelona,Norte Industrial,CTT Expresso,Expresso,P005,Kit primeiros socorros,Saúde e Bem-Estar,195,286,6825.00,264.35,0.081,485,Alta,4,8,0.07,0.09,0.69,Sim,Sim,5,2026-04-30,2026-05-05,Não,Não,Margem pressionada,"Rever preço, consolidar envios, alterar armazém de origem ou modo de transporte"
SCM20260214,2026-04-07,Makro España,Grossista,Espanha,Bilbao,País Basco,Armazém Barcelona,Valencia Source,CTT Expresso,Paletizado,P006,Sensor IoT de temperatura,Eletrónica,137,164,11645.00,69.49,0.218,379,Alta,8,10,0.36,0.04,0.65,Sim,Sim,4,2026-04-15,2026-04-19,Não,Não,Fornecedor instável,"Validar fornecedor alternativo, renegociar SLA ou aumentar stock de segurança"
SCM20260215,2026-05-09,Carrefour España,Retalho Alimentar,Espanha,Barcelona,Catalunha,Armazém Barcelona,Atlântico Distribuição,CTT Expresso,Paletizado,P005,Kit primeiros socorros,Saúde e Bem-Estar,211,217,7385.00,440.95,0.066,1276,Média,7,8,0.03,0.08,0.15,Nao,Nao,0,2026-05-16,2026-05-16,Não,Não,Margem pressionada,"Rever preço, consolidar envios, alterar armazém de origem ou modo de transporte"
SCM20260216,2026-05-15,FNAC Portugal,Retalho Especializado,Portugal,Coimbra,Centro,Armazém Porto,Andalucía Supply Hub,DHL Iberia,Rodoviário,P008,Caixas de acondicionamento,Material de Armazém,217,342,976.50,123.27,0.213,962,Média,7,11,0.35,0.09,0.68,Sim,Sim,7,2026-05-22,2026-05-29,Não,Não,Fornecedor instável,"Validar fornecedor alternativo, renegociar SLA ou aumentar stock de segurança"
SCM20260217,2026-05-13,MediaMarkt Iberia,Retalho Especializado,Espanha,Valência,Comunidade Valenciana,Armazém Porto,Madrid Goods Network,NACEX,Rodoviário,P007,Peça mecânica industrial,Peças Industriais,29,161,4640.00,146.38,0.262,1155,Crítica,5,6,0.30,0.06,0.69,Sim,Sim,6,2026-05-18,2026-05-24,Não,Não,Fornecedor instável,"Validar fornecedor alternativo, renegociar SLA ou aumentar stock de segurança"
SCM20260218,2026-05-05,Auchan Retail Portugal,Retalho Alimentar,Portugal,Setúbal,Lisboa e Vale do Tejo,Armazém Madrid,Valencia Source,CTT Expresso,Paletizado,P008,Caixas de acondicionamento,Material de Armazém,212,286,954.00,90.91,0.168,506,Alta,5,6,0.29,0.13,0.31,Nao,Sim,4,2026-05-10,2026-05-14,Não,Não,Fornecedor instável,"Validar fornecedor alternativo, renegociar SLA ou aumentar stock de segurança"
SCM20260219,2026-04-24,Hotelaria Algarve,Hotelaria,Portugal,Albufeira,Algarve,Armazém Porto,Porto Tech Parts,GLS Iberia,Rodoviário,P004,Luvas de segurança,EPI,37,167,259.00,172.17,0.154,1299,Média,6,5,0.03,0.05,0.30,Nao,Nao,0,2026-04-30,2026-04-29,Não,Não,Sem alerta crítico,Monitorizar normalmente
SCM20260220,2026-04-24,MediaMarkt Iberia,Retalho Especializado,Espanha,Valência,Comunidade Valenciana,Armazém Madrid,Atlântico Distribuição,CTT Expresso,Paletizado,P006,Sensor IoT de temperatura,Eletrónica,35,115,2975.00,211.25,0.088,198,Média,5,5,0.10,0.13,0.35,Nao,Nao,0,2026-04-29,2026-04-28,Não,Não,Margem pressionada,"Rever preço, consolidar envios, alterar armazém de origem ou modo de transporte"
SCM20260221,2026-03-08,Hospital Luz Lisboa,Saúde,Portugal,Lisboa,Lisboa e Vale do Tejo,Armazém Lisboa,Valencia Source,GLS Iberia,Paletizado,P007,Peça mecânica industrial,Peças Industriais,220,316,35200.00,83.95,0.151,572,Média,5,10,0.38,0.04,0.80,Sim,Sim,1,2026-03-13,2026-03-14,Não,Não,Fornecedor instável,"Validar fornecedor alternativo, renegociar SLA ou aumentar stock de segurança"
SCM20260222,2026-03-25,Continente Empresas,Retalho Alimentar,Portugal,Lisboa,Lisboa e Vale do Tejo,Armazém Madrid,Norte Industrial,NACEX,Expresso,P010,Dispositivo POS móvel,Eletrónica,22,175,5720.00,342.31,0.052,1012,Média,2,1,0.05,0.07,0.23,Nao,Nao,0,2026-03-27,2026-03-26,Não,Não,Margem pressionada,"Rever preço, consolidar envios, alterar armazém de origem ou modo de transporte"
SCM20260223,2026-02-18,Makro Portugal,Grossista,Portugal,Faro,Algarve,Armazém Barcelona,Lisboa Components,GLS Iberia,Rodoviário,P006,Sensor IoT de temperatura,Eletrónica,108,206,9180.00,156.56,0.212,1095,Crítica,6,6,0.11,0.12,0.13,Nao,Nao,0,2026-02-24,2026-02-24,Não,Não,Sem alerta crítico,Monitorizar normalmente
SCM20260224,2026-02-14,FNAC Portugal,Retalho Especializado,Portugal,Coimbra,Centro,Armazém Madrid,Lisboa Components,GLS Iberia,Rodoviário,P008,Caixas de acondicionamento,Material de Armazém,222,203,999.00,99.95,0.212,785,Alta,6,6,0.11,0.10,0.30,Nao,Nao,0,2026-02-20,2026-02-19,Sim,Não,Stock insuficiente,"Repor stock, transferir de outro armazém ou priorizar pedidos críticos"
SCM20260225,2026-04-30,Makro Portugal,Grossista,Portugal,Faro,Algarve,Armazém Lisboa,Porto Tech Parts,NACEX,Expresso,P002,Scanner código de barras,Eletrónica,87,2,16530.00,140.63,0.248,1109,Média,4,7,0.12,0.11,0.90,Sim,Sim,1,2026-05-04,2026-05-05,Sim,Não,Stock insuficiente,"Repor stock, transferir de outro armazém ou priorizar pedidos críticos"
SCM20260226,2026-03-25,Alcampo Retail,Retalho Alimentar,Espanha,Sevilha,Andaluzia,Armazém Porto,Porto Tech Parts,DHL Iberia,Paletizado,P006,Sensor IoT de temperatura,Eletrónica,60,3,5100.00,89.49,0.212,422,Média,4,9,0.08,0.09,0.77,Sim,Sim,1,2026-03-29,2026-03-30,Sim,Não,Stock insuficiente,"Repor stock, transferir de outro armazém ou priorizar pedidos críticos"
SCM20260227,2026-04-18,FNAC Portugal,Retalho Especializado,Portugal,Coimbra,Centro,Armazém Madrid,Atlântico Distribuição,SEUR,Expresso,P001,Tablet robusto para logística,Eletrónica,164,325,68880.00,92.77,0.292,823,Baixa,5,5,0.14,0.36,0.47,Nao,Sim,4,2026-04-23,2026-04-27,Não,Não,Transportadora com risco,"Contactar transportadora, reencaminhar pedido ou usar transporte expresso"
SCM20260228,2026-03-18,Continente Empresas,Retalho Alimentar,Portugal,Lisboa,Lisboa e Vale do Tejo,Armazém Porto,Lisboa Components,CTT Expresso,Rodoviário,P003,Etiquetas térmicas,Material de Armazém,23,0,414.00,119.20,0.160,876,Alta,5,7,0.11,0.04,0.84,Sim,Sim,4,2026-03-23,2026-03-27,Sim,Não,Stock insuficiente,"Repor stock, transferir de outro armazém ou priorizar pedidos críticos"
SCM20260229,2026-02-18,Makro Portugal,Grossista,Portugal,Faro,Algarve,Armazém Lisboa,Porto Tech Parts,CTT Expresso,Expresso,P001,Tablet robusto para logística,Eletrónica,124,247,52080.00,192.07,0.075,340,Média,6,5,0.12,0.08,0.12,Nao,Nao,0,2026-02-24,2026-02-24,Não,Não,Margem pressionada,"Rever preço, consolidar envios, alterar armazém de origem ou modo de transporte"
SCM20260230,2026-02-21,Distribución Galicia,Grossista,Espanha,Vigo,Galiza,Armazém Porto,Valencia Source,GLS Iberia,Rodoviário,P006,Sensor IoT de temperatura,Eletrónica,175,306,14875.00,144.06,0.201,1159,Média,7,6,0.38,0.09,0.08,Nao,Nao,0,2026-02-28,2026-02-27,Não,Não,Fornecedor instável,"Validar fornecedor alternativo, renegociar SLA ou aumentar stock de segurança"
SCM20260231,2026-02-18,Auchan Retail Portugal,Retalho Alimentar,Portugal,Setúbal,Lisboa e Vale do Tejo,Armazém Porto,Porto Tech Parts,,Rodoviário,P010,Dispositivo POS móvel,Eletrónica,61,132,15860.00,158.59,0.178,1211,Crítica,7,7,0.06,0.09,0.42,Nao,Nao,0,2026-02-25,2026-02-24,Não,Sim,Dados incompletos,Corrigir dados antes da decisão e tornar campos obrigatórios no sistema
SCM20260232,2026-03-17,Continente Empresas,Retalho Alimentar,Portugal,Lisboa,Lisboa e Vale do Tejo,Armazém Lisboa,Norte Industrial,GLS Iberia,Paletizado,P007,Peça mecânica industrial,Peças Industriais,144,114,23040.00,128.08,0.290,998,Alta,3,4,0.08,0.06,0.68,Sim,Sim,4,2026-03-20,2026-03-24,Sim,Não,Stock insuficiente,"Repor stock, transferir de outro armazém ou priorizar pedidos críticos"
SCM20260233,2026-05-21,Auchan Retail Portugal,Retalho Alimentar,Portugal,Setúbal,Lisboa e Vale do Tejo,Armazém Lisboa,Norte Industrial,DHL Iberia,Rodoviário,P008,Caixas de acondicionamento,Material de Armazém,36,35,162.00,163.53,0.160,1176,Alta,6,6,0.08,0.04,0.30,Nao,Sim,2,2026-05-27,2026-05-29,Sim,Não,Stock insuficiente,"Repor stock, transferir de outro armazém ou priorizar pedidos críticos"
SCM20260234,2026-04-17,FNAC Portugal,Retalho Especializado,Portugal,Coimbra,Centro,,Lisboa Components,NACEX,Cross-docking,P008,Caixas de acondicionamento,Material de Armazém,84,215,378.00,158.02,0.302,1213,Média,3,4,0.14,0.10,0.19,Nao,Nao,0,2026-04-20,2026-04-20,Não,Sim,Dados incompletos,Corrigir dados antes da decisão e tornar campos obrigatórios no sistema
SCM20260235,2026-02-20,Carrefour España,Retalho Alimentar,Espanha,Barcelona,Catalunha,Armazém Lisboa,Porto Tech Parts,CTT Expresso,Paletizado,P002,Scanner código de barras,Eletrónica,229,370,43510.00,101.62,0.203,552,Média,4,6,0.05,0.10,0.45,Sim,Nao,0,2026-02-24,2026-02-24,Não,Não,Sem alerta crítico,Monitorizar normalmente
SCM20260236,2026-02-05,Pingo Doce Distribuição,Retalho Alimentar,Portugal,Porto,Norte,Armazém Lisboa,Lisboa Components,GLS Iberia,Rodoviário,P003,Etiquetas térmicas,Material de Armazém,38,3,684.00,165.10,0.254,1289,Alta,6,7,0.08,0.12,0.40,Nao,Nao,0,2026-02-11,2026-02-10,Sim,Não,Stock insuficiente,"Repor stock, transferir de outro armazém ou priorizar pedidos críticos"
SCM20260237,2026-03-08,MediaMarkt Iberia,Retalho Especializado,Espanha,Valência,Comunidade Valenciana,Armazém Barcelona,Norte Industrial,SEUR,Rodoviário,P007,Peça mecânica industrial,Peças Industriais,90,156,14400.00,114.44,0.154,951,Média,6,8,0.13,0.39,0.79,Sim,Sim,2,2026-03-14,2026-03-16,Não,Não,Transportadora com risco,"Contactar transportadora, reencaminhar pedido ou usar transporte expresso"
SCM20260238,2026-04-06,Pingo Doce Distribuição,Retalho Alimentar,Portugal,Porto,Norte,Armazém Lisboa,Norte Industrial,GLS Iberia,Rodoviário,P001,Tablet robusto para logística,Eletrónica,209,313,87780.00,86.36,0.287,394,Média,4,4,0.07,0.06,0.21,Nao,Nao,0,2026-04-10,2026-04-10,Não,Não,Sem alerta crítico,Monitorizar normalmente
SCM20260239,2026-03-23,Auchan Retail Portugal,Retalho Alimentar,Portugal,Setúbal,Lisboa e Vale do Tejo,Armazém Barcelona,Lisboa Components,NACEX,Rodoviário,P005,Kit primeiros socorros,Saúde e Bem-Estar,154,332,5390.00,169.46,0.202,1229,Média,6,6,0.11,0.09,0.19,Nao,Nao,0,2026-03-29,2026-03-28,Não,Sim,Dados incompletos,Corrigir dados antes da decisão e tornar campos obrigatórios no sistema
SCM20260240,2026-05-18,Continente Empresas,Retalho Alimentar,Portugal,Lisboa,Lisboa e Vale do Tejo,Armazém Lisboa,Porto Tech Parts,DHL Iberia,Rodoviário,P009,Mini-frigorífico hotelaria,Eletrodomésticos,32,205,6720.00,93.72,0.292,589,Média,4,4,0.12,0.03,0.09,Nao,Nao,0,2026-05-22,2026-05-22,Não,Não,Sem alerta crítico,Monitorizar normalmente
SCM20260241,2026-02-19,Makro España,Grossista,Espanha,Bilbao,País Basco,Armazém Lisboa,Atlântico Distribuição,NACEX,Paletizado,P006,Sensor IoT de temperatura,Eletrónica,37,11,3145.00,143.81,0.286,1138,Média,3,4,0.05,0.12,0.77,Sim,Sim,1,2026-02-22,2026-02-23,Sim,Não,Stock insuficiente,"Repor stock, transferir de outro armazém ou priorizar pedidos críticos"
SCM20260242,2026-03-24,Hotelaria Algarve,Hotelaria,Portugal,Albufeira,Algarve,Armazém Porto,Madrid Goods Network,DHL Iberia,Paletizado,P008,Caixas de acondicionamento,Material de Armazém,196,351,882.00,116.81,0.171,856,Alta,6,7,0.29,0.05,0.41,Nao,Sim,1,2026-03-30,2026-03-31,Não,Não,Fornecedor instável,"Validar fornecedor alternativo, renegociar SLA ou aumentar stock de segurança"
SCM20260243,2026-02-23,Pingo Doce Distribuição,Retalho Alimentar,Portugal,Porto,Norte,Armazém Porto,Atlântico Distribuição,,Rodoviário,P007,Peça mecânica industrial,Peças Industriais,82,238,13120.00,160.07,0.289,1282,Crítica,4,5,0.08,0.04,0.38,Nao,Nao,0,2026-02-27,2026-02-27,Não,Sim,Dados incompletos,Corrigir dados antes da decisão e tornar campos obrigatórios no sistema
SCM20260244,2026-02-24,Hospital Quirón Madrid,Saúde,Espanha,Madrid,Madrid,Armazém Barcelona,Lisboa Components,DHL Iberia,Rodoviário,P010,Dispositivo POS móvel,Eletrónica,194,325,50440.00,122.25,0.174,746,Alta,7,9,0.06,0.06,0.41,Sim,Sim,5,2026-03-03,2026-03-08,Não,Não,Sem alerta crítico,Monitorizar normalmente
SCM20260245,2026-03-01,Hospital Luz Lisboa,Saúde,Portugal,Lisboa,Lisboa e Vale do Tejo,Armazém Barcelona,Atlântico Distribuição,CTT Expresso,Rodoviário,P002,Scanner código de barras,Eletrónica,51,36,9690.00,73.80,0.310,334,Baixa,3,3,0.04,0.12,0.43,Nao,Sim,7,2026-03-04,2026-03-11,Sim,Não,Stock insuficiente,"Repor stock, transferir de outro armazém ou priorizar pedidos críticos"
SCM20260246,2026-02-03,Mercadona Empresas,Retalho Alimentar,Espanha,Madrid,Madrid,Armazém Barcelona,Porto Tech Parts,GLS Iberia,Paletizado,P010,Dispositivo POS móvel,Eletrónica,154,22,40040.00,125.28,0.235,809,Média,6,10,0.05,0.11,0.89,Sim,Sim,7,2026-02-09,2026-02-16,Sim,Não,Stock insuficiente,"Repor stock, transferir de outro armazém ou priorizar pedidos críticos"
SCM20260247,2026-04-21,Hospital Luz Lisboa,Saúde,Portugal,Lisboa,Lisboa e Vale do Tejo,Armazém Porto,Lisboa Components,DHL Iberia,Expresso,P007,Peça mecânica industrial,Peças Industriais,206,290,32960.00,457.29,0.037,1207,Baixa,4,5,0.05,0.11,0.68,Sim,Sim,4,2026-04-25,2026-04-29,Não,Não,Margem pressionada,"Rever preço, consolidar envios, alterar armazém de origem ou modo de transporte"
SCM20260248,2026-03-19,Mercadona Empresas,Retalho Alimentar,Espanha,Madrid,Madrid,Armazém Porto,Norte Industrial,CTT Expresso,Expresso,P007,Peça mecânica industrial,Peças Industriais,152,272,24320.00,404.34,0.067,1149,Alta,3,3,0.13,0.04,0.15,Nao,Nao,0,2026-03-22,2026-03-22,Não,Não,Margem pressionada,"Rever preço, consolidar envios, alterar armazém de origem ou modo de transporte"
SCM20260249,2026-03-23,El Corte Inglés Madrid,Retalho Especializado,Espanha,Madrid,Madrid,Armazém Porto,Porto Tech Parts,SEUR,Expresso,P008,Caixas de acondicionamento,Material de Armazém,218,341,981.00,60.55,0.246,923,Alta,2,3,0.14,0.22,0.65,Sim,Sim,1,2026-03-25,2026-03-26,Não,Não,Transportadora com risco,"Contactar transportadora, reencaminhar pedido ou usar transporte expresso"
SCM20260250,2026-02-12,Continente Empresas,Retalho Alimentar,Portugal,Lisboa,Lisboa e Vale do Tejo,Armazém Lisboa,Porto Tech Parts,NACEX,Expresso,P004,Luvas de segurança,EPI,182,326,1274.00,374.40,0.046,835,Alta,2,5,0.12,0.10,0.67,Sim,Nao,0,2026-02-14,2026-02-14,Não,Não,Margem pressionada,"Rever preço, consolidar envios, alterar armazém de origem ou modo de transporte"
